subject,roi,hemi,n_voxels,pair,cond1,cond2,r_w1_reliability,r_w2_reliability,r_b_between,within_decoding_index
1,SI-STS,l,220,dyad,com_ind,ind,-0.4397393791831531,-0.3045808655052904,-0.3385048967449617,-0.03365522559926
1,SI-STS,l,220,face,face_first,face_noncom,-0.7005929166377041,-0.1432138683214148,-0.2831656477346839,-0.1387377447448755
1,TPJ,l,313,dyad,com_ind,ind,-0.0256859524478062,0.2145871980787944,-0.1332418621041804,0.2276924849196745
1,TPJ,l,313,face,face_first,face_noncom,-0.3085870115563746,0.2069693614848169,0.0043501219027368,-0.0551589469385156
1,fSTS,l,23,dyad,com_ind,ind,0.2776170037038673,0.0704311297022667,0.1958130371305988,-0.0217889704275317
1,fSTS,l,23,face,face_first,face_noncom,-0.1536424775887671,-0.0298054832433546,-0.1084877146171518,0.0167637342010909
1,FFA,l,106,dyad,com_ind,ind,0.0481194462260559,-0.0928453611197469,-0.0070566111521991,-0.0153063462946464
1,FFA,l,106,face,face_first,face_noncom,0.0469127892618064,-0.1387751207647836,-0.0430002362641828,-0.0029309294873057
1,EBA,l,111,dyad,com_ind,ind,0.268513190742279,-0.038010632503497,0.112966819639227,0.0022844594801639
1,EBA,l,111,face,face_first,face_noncom,0.0877244075680576,-0.2114994649389054,0.2281859767855097,-0.2900735054709336
1,EVC,l,249,dyad,com_ind,ind,0.0908155399435707,-0.1192445941371417,-0.019144383535886,0.0049298564391005
1,EVC,l,249,face,face_first,face_noncom,-0.1996184556344848,0.0761160764885691,-0.0516611007454553,-0.0100900888275024
1,MT,l,166,dyad,com_ind,ind,0.1649661918810352,0.111086698823005,0.1585011728359745,-0.0204747274839543
1,MT,l,166,face,face_first,face_noncom,0.394961601200078,-0.0098056408929037,0.2173445642213693,-0.0247665840677822
1,SI-STS,r,179,dyad,com_ind,ind,0.1421091218739331,0.1193677436559114,0.1699236877606794,-0.0391852549957571
1,SI-STS,r,179,face,face_first,face_noncom,0.0353908444688352,0.1273349367245365,-0.0076194277732652,0.0889823183699511
1,TPJ,r,322,dyad,com_ind,ind,-0.0649709485326688,-0.2305324784261873,-0.2207705213732744,0.0730188078938463
1,TPJ,r,322,face,face_first,face_noncom,-0.1261465038954949,-0.1509512867575579,-0.1661630871971499,0.0276141918706235
1,fSTS,r,80,dyad,com_ind,ind,-0.5871473162720691,-0.493656426571281,-0.4800741901515033,-0.0603276812701717
1,fSTS,r,80,face,face_first,face_noncom,-0.6146913581779493,0.0505955361004319,-0.2308132703034599,-0.0512346407352987
1,FFA,r,107,dyad,com_ind,ind,-0.0310859511415636,0.1624186078814143,0.047950674072684,0.0177156542972413
1,FFA,r,107,face,face_first,face_noncom,0.0670245159895868,0.1894003975798091,0.1002281740536071,0.0279842827310908
1,EBA,r,118,dyad,com_ind,ind,0.1283771867226785,0.0605057770099449,0.1049005734738089,-0.0104590916074971
1,EBA,r,118,face,face_first,face_noncom,0.1247398910247931,-0.2240079270415299,0.145242076821116,-0.1948760948294844
1,EVC,r,263,dyad,com_ind,ind,-0.2902929066072977,-0.2886910773718389,-0.287979642589208,-0.0015123494003602
1,EVC,r,263,face,face_first,face_noncom,-0.4434586767582066,-0.354261115118212,-0.4125312859361431,0.0136713899979337
1,MT,r,165,dyad,com_ind,ind,-0.1836744668669496,-0.1333909792104456,-0.1535028831771177,-0.0050298398615798
1,MT,r,165,face,face_first,face_noncom,0.0599954368722289,-0.1374193515573415,-0.0360522729879718,-0.0026596843545844
2,SI-STS,l,218,dyad,com_ind,ind,0.9413116345500288,0.9454203514763032,0.931621638693648,0.0117443543195179
2,SI-STS,l,218,face,face_first,face_noncom,0.8967093871178231,0.9566934297949008,0.8824988580830542,0.0442025503733077
2,fSTS,l,23,dyad,com_ind,ind,0.7976115870446073,0.8545651042208697,0.7663884584763312,0.0596998871564073
2,fSTS,l,23,face,face_first,face_noncom,0.9060249601237762,0.4389466603324364,0.6550054989173555,0.0174803113107508
2,FFA,l,106,dyad,com_ind,ind,0.923020942531446,0.9698300024659968,0.9497522965602572,-0.0033268240615356
2,FFA,l,106,face,face_first,face_noncom,0.9268218500747524,0.9566292208813576,0.9258942575185314,0.0158312779595235
2,EBA,l,113,dyad,com_ind,ind,0.9696655024537166,0.9762854751236568,0.9760526556786612,-0.0030771668899743
2,EBA,l,113,face,face_first,face_noncom,0.9551295576957166,0.9727109512422,0.8551699013131022,0.108750353155856
2,EVC,l,249,dyad,com_ind,ind,0.9841453700304196,0.9862495090240506,0.983570107876061,0.001627331651174
2,EVC,l,249,face,face_first,face_noncom,0.9837946489146344,0.9861590429452534,0.9786389174283217,0.0063379285016222
2,MT,l,166,dyad,com_ind,ind,0.9821474994989297,0.987741232340094,0.9777870905289622,0.0071572753905496
2,MT,l,166,face,face_first,face_noncom,0.9880888730890858,0.9864107291217376,0.9688135106582404,0.0184362904471714
2,SI-STS,r,184,dyad,com_ind,ind,0.9810806781635126,0.9918621243847414,0.986155672172795,0.000315729101332
2,SI-STS,r,184,face,face_first,face_noncom,0.9753308235709924,0.9782108921032172,0.9664599128963618,0.010310944940743
2,fSTS,r,86,dyad,com_ind,ind,0.9189557928780598,0.9649449852447974,0.8964338715641514,0.0455165174972772
2,fSTS,r,86,face,face_first,face_noncom,0.9773822208342284,0.8766824711575372,0.8411087929331043,0.0859235530627785
2,FFA,r,107,dyad,com_ind,ind,0.9361124664248118,0.9396680703931588,0.8737534642748691,0.0641368041341162
2,FFA,r,107,face,face_first,face_noncom,0.93816327157734,0.9126401105403368,0.7415579476676227,0.1838437433912155
2,EBA,r,131,dyad,com_ind,ind,0.9382617699395774,0.9596430802321112,0.9406063997196928,0.0083460253661515
2,EBA,r,131,face,face_first,face_noncom,0.897493214687445,0.9564177934496334,0.8357027736135159,0.0912527304550233
2,EVC,r,263,dyad,com_ind,ind,0.979547406153472,0.9834421935362304,0.981553179769878,-5.837992502688572e-05
2,EVC,r,263,face,face_first,face_noncom,0.9603000980710696,0.9196839866490556,0.9434634923242674,-0.0034714499642048
2,MT,r,165,dyad,com_ind,ind,0.9240181034987204,0.9689139759975686,0.9440919037235342,0.0023741360246103
2,MT,r,165,face,face_first,face_noncom,0.9616223567429758,0.9654679608366112,0.9370884496457024,0.0264567091440911
3,SI-STS,l,205,dyad,com_ind,ind,0.925298481010351,0.6923142023692948,0.7555065877425455,0.0532997539472772
3,SI-STS,l,205,face,face_first,face_noncom,0.8055760863095444,0.7008500618064918,0.3744910556079862,0.3787220184500318
3,TPJ,l,313,dyad,com_ind,ind,0.6319679033569267,0.3440915811757598,0.5016773509975438,-0.0136476087312006
3,TPJ,l,313,face,face_first,face_noncom,0.7629505453791268,0.7042250146143877,0.674564922648763,0.0590228573479941
3,fSTS,l,23,dyad,com_ind,ind,0.4953724726379597,0.9043912347312494,0.5467147020127301,0.1531671516718744
3,fSTS,l,23,face,face_first,face_noncom,0.6139828025639996,0.9085627210281874,0.3820033866499133,0.3792693751461802
3,FFA,l,106,dyad,com_ind,ind,0.8870303140420702,0.7619160753063545,0.8033545384180951,0.0211186562561171
3,FFA,l,106,face,face_first,face_noncom,0.7354663207429206,0.4878257813393226,0.6227838091567762,-0.0111377581156545
3,EBA,l,105,dyad,com_ind,ind,0.9149068348281092,0.8668483149406724,0.8692018532245074,0.0216757216598835
3,EBA,l,105,face,face_first,face_noncom,0.769814711552098,0.8647877264650035,0.7659943188251539,0.0513069001833967
3,EVC,l,249,dyad,com_ind,ind,0.9732585708104772,0.9668925688614154,0.9677657152244904,0.0023098546114558
3,EVC,l,249,face,face_first,face_noncom,0.9659916332924694,0.9700900996036176,0.9636986258919736,0.0043422405560699
3,MT,l,166,dyad,com_ind,ind,0.9920770241027432,0.9719358150951852,0.9688566762534214,0.0131497433455427
3,MT,l,166,face,face_first,face_noncom,0.9667502096477028,0.9256031626830156,0.935812234288086,0.0103644518772729
3,SI-STS,r,162,dyad,com_ind,ind,0.9679773959788311,0.8030875290172353,0.8089843816861604,0.0765480808118728
3,SI-STS,r,162,face,face_first,face_noncom,0.7390080302168244,0.7982973536079604,0.3698939218665773,0.398758770045815
3,TPJ,r,322,dyad,com_ind,ind,0.9356215199183564,0.8745307061469096,0.8649817311080159,0.0400943819246171
3,TPJ,r,322,face,face_first,face_noncom,0.7851024000429282,0.8886156628915343,0.5290984968601913,0.30776053460704
3,fSTS,r,85,dyad,com_ind,ind,0.9830198464555756,0.9679649545095386,0.9567495527815836,0.0187428477009736
3,fSTS,r,85,face,face_first,face_noncom,0.9742749574652204,0.976092709420018,0.835176986045663,0.1400068473969562
3,FFA,r,107,dyad,com_ind,ind,0.9577412846301464,0.8686673368155063,0.9178017923848972,-0.0045974816620709
3,FFA,r,107,face,face_first,face_noncom,0.9190313716144384,0.8882693535539217,0.8102138808163157,0.0934364817678643
3,EBA,r,115,dyad,com_ind,ind,0.9677780348041962,0.9377477452695236,0.9538611370508224,-0.0010982470139626
3,EBA,r,115,face,face_first,face_noncom,0.9623559524349952,0.9617929361899789,0.8933500854636509,0.0687243588488359
3,EVC,r,263,dyad,com_ind,ind,0.9838344929150892,0.9899189331981052,0.9816458896068329,0.0052308234497643
3,EVC,r,263,face,face_first,face_noncom,0.9570554501780107,0.9270422592786436,0.9154314620309666,0.0266173926973606
3,MT,r,165,dyad,com_ind,ind,0.979174004890865,0.8957931520954794,0.9579313782278106,-0.0204477997346383
3,MT,r,165,face,face_first,face_noncom,0.953153330637171,0.9819213546315276,0.946168926461854,0.0213684161724951
4,SI-STS,l,194,dyad,com_ind,ind,0.9212477666119374,0.8924465901129903,0.8956694733296535,0.0111777050328103
4,SI-STS,l,194,face,face_first,face_noncom,0.8449910782554921,0.9322842749624572,0.8096751604544317,0.078962516154543
4,TPJ,l,313,dyad,com_ind,ind,0.9058539678025812,0.7078153060566699,0.7813669224935224,0.0254677144361031
4,TPJ,l,313,face,face_first,face_noncom,0.1648735121509946,0.7973582101851145,0.5411054646552642,-0.0599896034872096
4,fSTS,l,20,dyad,com_ind,ind,0.976357797346442,0.9777274068809432,0.9624020748382353,0.0146405272754573
4,fSTS,l,20,face,face_first,face_noncom,0.9564134590733429,0.97654450310524,0.9233020187580876,0.0431769623312039
4,FFA,l,106,dyad,com_ind,ind,0.9844247010290438,0.984363703571161,0.9837804197600076,0.0006137825400946
4,FFA,l,106,face,face_first,face_noncom,0.9869416996968948,0.9863048970049376,0.9665730633725972,0.0200502349783189
4,EBA,l,106,dyad,com_ind,ind,0.9706499682435472,0.8933757440327071,0.9465174383157426,-0.0145045821776155
4,EBA,l,106,face,face_first,face_noncom,0.9148900192972832,0.949214193154898,0.8798930865933832,0.0521590196327074
4,EVC,l,249,dyad,com_ind,ind,0.9645640745121462,0.9110655889894758,0.9483102861348314,-0.0104954543840203
4,EVC,l,249,face,face_first,face_noncom,0.9496972679557818,0.9033762172616812,0.9159780564242344,0.0105586861844971
4,MT,l,166,dyad,com_ind,ind,0.9390876551213564,0.977961109050006,0.9378968885523492,0.0206274935333318
4,MT,l,166,face,face_first,face_noncom,0.9185643743389178,0.9652387551117654,0.9180763723191888,0.0238251924061528
4,SI-STS,r,146,dyad,com_ind,ind,0.8828362846912894,0.7831994506827819,0.7905189292736314,0.0424989384134042
4,SI-STS,r,146,face,face_first,face_noncom,0.8920079586146847,0.8599734920616411,0.768732437169125,0.1072582881690379
4,TPJ,r,312,dyad,com_ind,ind,0.7728104614293401,0.7506583528033972,0.6793184429174112,0.0824159641989574
4,TPJ,r,312,face,face_first,face_noncom,0.5679020214333496,0.4838395394721769,0.4613832691862698,0.0644875112664934
4,fSTS,r,88,dyad,com_ind,ind,0.8892314844169668,0.9207967323254213,0.8662860741926064,0.0387280341785876
4,fSTS,r,88,face,face_first,face_noncom,0.9195597884067752,0.8934536088546621,0.803319760699043,0.1031869379316756
4,FFA,r,107,dyad,com_ind,ind,0.9287073984334288,0.9521017870453355,0.9602501974496406,-0.0198456047102583
4,FFA,r,107,face,face_first,face_noncom,0.965932899904751,0.9874892313578476,0.7902758648483708,0.1864352007829285
4,EBA,r,144,dyad,com_ind,ind,0.9614410253665396,0.9498536804073384,0.9456224907807814,0.0100248621061576
4,EBA,r,144,face,face_first,face_noncom,0.9268180063912494,0.9499536367604398,0.8171136924533395,0.121272129122505
4,EVC,r,263,dyad,com_ind,ind,0.9630489409253722,0.9654360617409848,0.9659806925877444,-0.0017381912545657
4,EVC,r,263,face,face_first,face_noncom,0.9569210521298468,0.940862836019313,0.9423044879571878,0.0065874561173919
4,MT,r,165,dyad,com_ind,ind,0.8831125867960032,0.9089357794395496,0.9166210798389444,-0.020596896721168
4,MT,r,165,face,face_first,face_noncom,0.847670261854564,0.9521043740827422,0.5288208548420003,0.3710664631266528
5,SI-STS,l,184,dyad,com_ind,ind,0.9783815997985884,0.9190265007261322,0.921160908381443,0.0275431418809173
5,SI-STS,l,184,face,face_first,face_noncom,0.9653637447633096,0.8661228043699349,0.8938663291454727,0.0218769454211495
5,TPJ,l,297,dyad,com_ind,ind,0.631887547294554,0.6557787054640962,0.6163048531572279,0.0275282732220971
5,TPJ,l,297,face,face_first,face_noncom,0.5990529644062057,0.3926668451918416,0.387245068706562,0.1086148360924615
5,fSTS,l,23,dyad,com_ind,ind,0.982610375610244,0.9272855559042736,0.9347134757407404,0.0202344900165184
5,fSTS,l,23,face,face_first,face_noncom,0.989767136300872,0.8805427222953514,0.9184077272016248,0.016747202096487
5,FFA,l,106,dyad,com_ind,ind,0.9046288448674836,0.950797736068616,0.909055085701117,0.0186582047669328
5,FFA,l,106,face,face_first,face_noncom,0.9620731760436466,0.920059246804014,0.9332393257979372,0.007826885625893
5,EBA,l,114,dyad,com_ind,ind,0.9147034701164148,0.8345086164205333,0.8585814053691643,0.0160246378993098
5,EBA,l,114,face,face_first,face_noncom,0.6085611818560904,0.9439310709850806,-0.0707230299492619,0.8469691563698475
5,EVC,l,249,dyad,com_ind,ind,0.9419198651178846,0.9278466002643428,0.9327791900116632,0.0021040426794505
5,EVC,l,249,face,face_first,face_noncom,0.8904890197385069,0.93793242317608,0.9123684270256558,0.0018422944316376
5,MT,l,164,dyad,com_ind,ind,0.8949871823500088,0.8347430664859945,0.8650788212547076,-0.0002136968367059
5,MT,l,164,face,face_first,face_noncom,0.8840403722395201,0.7289665154565269,0.7499079924451504,0.0565954514028731
5,SI-STS,r,172,dyad,com_ind,ind,0.8820392278998335,0.8458281468611069,0.8313243377145183,0.0326093496659518
5,SI-STS,r,172,face,face_first,face_noncom,0.8849587045043033,0.6728789552613443,0.7000952362581853,0.0788235936246385
5,TPJ,r,305,dyad,com_ind,ind,0.6003619006419756,0.713998724702702,0.5660213234554591,0.0911589892168797
5,TPJ,r,305,face,face_first,face_noncom,0.1203614452155604,0.523125984578777,0.6084442273522279,-0.2867005124550592
5,fSTS,r,91,dyad,com_ind,ind,0.9786129127551138,0.9569359679947336,0.9241412993966812,0.0436331409782425
5,fSTS,r,91,face,face_first,face_noncom,0.9846376714671898,0.9483853093858208,0.8785594671625114,0.0879520232639938
5,FFA,r,107,dyad,com_ind,ind,0.6699834386722886,0.7062322235143627,0.6810851242800973,0.0070227068132283
5,FFA,r,107,face,face_first,face_noncom,0.8134701575755886,0.645395311451667,0.6373024482558607,0.092130286257767
5,EBA,r,152,dyad,com_ind,ind,0.8993789872164912,0.8388212718357074,0.85610076155664,0.0129993679694593
5,EBA,r,152,face,face_first,face_noncom,0.2266168130770048,0.882772776203351,0.3839869369519158,0.170707857688262
5,EVC,r,263,dyad,com_ind,ind,0.9715404491524502,0.9739748864623612,0.9701868108611597,0.0025708569462461
5,EVC,r,263,face,face_first,face_noncom,0.9681811304835388,0.878519631767359,0.9248235019955507,-0.0014731208701019
5,MT,r,165,dyad,com_ind,ind,0.910306648843977,0.8276750547477031,0.8789311783351061,-0.0099403265392661
5,MT,r,165,face,face_first,face_noncom,0.852453215915449,0.8719486287500824,0.8447275621633554,0.0174733601694102
7,SI-STS,l,204,dyad,com_ind,ind,0.7991818647194484,0.8752654687963143,0.8428673436108831,-0.0056436768530017
7,SI-STS,l,204,face,face_first,face_noncom,0.8551359356599539,0.8726492940725806,0.9095403155415028,-0.0456477006752353
7,TPJ,l,237,dyad,com_ind,ind,0.6829766354484483,0.8106986889736053,0.8431463741632947,-0.0963087119522678
7,TPJ,l,237,face,face_first,face_noncom,0.6902006383883719,0.5320091810669199,0.8381739725474604,-0.2270690628198145
7,fSTS,l,23,dyad,com_ind,ind,0.956494459873741,0.7222879156557651,0.8861011118924289,-0.0467099241276758
7,fSTS,l,23,face,face_first,face_noncom,0.9421457837363244,0.6584370240618149,0.8008243380297104,-0.0005329341306407
7,FFA,l,106,dyad,com_ind,ind,0.9153121506884347,0.947242434966255,0.9600771239729956,-0.0287998311456507
7,FFA,l,106,face,face_first,face_noncom,0.9814731049445804,0.9777207717056204,0.9638092698409368,0.0157876684841635
7,EBA,l,102,dyad,com_ind,ind,0.9334133221439066,0.804840189314985,0.8692855023063647,-0.0001587465769189
7,EBA,l,102,face,face_first,face_noncom,0.7572440103997806,0.9118933068480808,0.8549809308929919,-0.0204122722690611
7,EVC,l,249,dyad,com_ind,ind,0.941682586263049,0.8991893868347762,0.9249406005490648,-0.0045046140001521
7,EVC,l,249,face,face_first,face_noncom,0.94970798093762,0.9274296455027358,0.922416837018313,0.0161519762018649
7,MT,l,166,dyad,com_ind,ind,0.922650775643713,0.9729774131688786,0.9526687698230284,-0.0048546754167326
7,MT,l,166,face,face_first,face_noncom,0.956125457781296,0.9195391301431184,0.8856544280247282,0.052177865937479
7,SI-STS,r,186,dyad,com_ind,ind,0.7478741032001139,0.8274303996656762,0.8056846010044425,-0.0180323495715474
7,SI-STS,r,186,face,face_first,face_noncom,0.8030885674081936,0.7465892027121216,0.802702594614378,-0.0278637095542204
7,TPJ,r,300,dyad,com_ind,ind,0.8747815219735949,0.9209442623562134,0.9103118221430642,-0.01244892997816
7,TPJ,r,300,face,face_first,face_noncom,0.5030055656960633,0.7595223997667604,0.7678437989607979,-0.1365798162293861
7,fSTS,r,86,dyad,com_ind,ind,0.9833282964656592,0.9330777862576018,0.956455684758082,0.0017473566035485
7,fSTS,r,86,face,face_first,face_noncom,0.9532158294064026,0.9793315781299192,0.960007971317158,0.006265732451003
7,FFA,r,107,dyad,com_ind,ind,0.9305178551248762,0.9622415367067488,0.9468574429195158,-0.0004777470037032
7,FFA,r,107,face,face_first,face_noncom,0.9378337065536284,0.9746731395379008,0.9177653750388428,0.0384880480069217
7,EBA,r,138,dyad,com_ind,ind,0.9579378891533772,0.9557015255170356,0.9566132408979792,0.0002064664372272
7,EBA,r,138,face,face_first,face_noncom,0.9708526660463606,0.9843675871548564,0.9414241583551368,0.0361859682454717
7,EVC,r,263,dyad,com_ind,ind,0.9478783387783024,0.940100551920218,0.9477032682863702,-0.0037138229371098
7,EVC,r,263,face,face_first,face_noncom,0.950758669989946,0.9388918588569426,0.9379987489910432,0.0068265154324009
7,MT,r,165,dyad,com_ind,ind,0.9585511318995212,0.9919373519393062,0.9729844223073976,0.002259819612016
7,MT,r,165,face,face_first,face_noncom,0.9692177530850145,0.9721749336454488,0.9240259500624788,0.0466703933027529
8,SI-STS,l,216,dyad,com_ind,ind,0.897184896564462,0.5846256885607509,0.6922112488568863,0.0486940437057201
8,SI-STS,l,216,face,face_first,face_noncom,0.9203434655353128,0.7238264503827805,0.6959923176052212,0.1260926403538254
8,TPJ,l,313,dyad,com_ind,ind,0.745403522693547,0.8944419914838284,0.7552860763289666,0.0646366807597211
8,TPJ,l,313,face,face_first,face_noncom,0.8018096641568684,0.8758620418650962,0.8285052077401398,0.0103306452708424
8,fSTS,l,23,dyad,com_ind,ind,0.9246387849787852,0.5928289197936578,0.7323706599870485,0.0263631923991729
8,fSTS,l,23,face,face_first,face_noncom,0.8989136099473406,0.3378969267737927,0.5920109085220666,0.0263943598385
8,FFA,l,106,dyad,com_ind,ind,0.9649431806844598,0.9819552380269344,0.9730836449380572,0.0003655644176401
8,FFA,l,106,face,face_first,face_noncom,0.9369220728821857,0.939947382856227,0.9065645065503818,0.0318702213188245
8,EBA,l,114,dyad,com_ind,ind,0.9504942271598988,0.9268721932722758,0.9514952505683454,-0.0128120403522581
8,EBA,l,114,face,face_first,face_noncom,0.9411710040290412,0.9467600441532948,0.8830033906984658,0.0609621333927021
8,EVC,l,249,dyad,com_ind,ind,0.9645734375634016,0.9501328777552952,0.9536536430784466,0.003699514580902
8,EVC,l,249,face,face_first,face_noncom,0.9569236024388256,0.929682873009774,0.91321982295953,0.0300834147647698
8,MT,l,165,dyad,com_ind,ind,0.9811060205537953,0.9847262686507154,0.9701284126661276,0.0127877319361277
8,MT,l,165,face,face_first,face_noncom,0.9849039539690772,0.9497629747442056,0.9434969199281308,0.0238365444285104
8,SI-STS,r,143,dyad,com_ind,ind,0.8255814927118292,0.7782857910819683,0.810561437961946,-0.0086277960650472
8,SI-STS,r,143,face,face_first,face_noncom,0.8962865047419054,0.8717461616474533,0.7106256185510427,0.1733907146436366
8,TPJ,r,322,dyad,com_ind,ind,0.5959531667144586,0.8885937202865065,0.7894247104907746,-0.047151266990292
8,TPJ,r,322,face,face_first,face_noncom,0.9638877834785816,0.9275515812638508,0.9056627888865024,0.0400568934847138
8,fSTS,r,91,dyad,com_ind,ind,0.9400931370138712,0.8878712761983109,0.8950887492847384,0.0188934573213526
8,fSTS,r,91,face,face_first,face_noncom,0.9652720560320984,0.9023850873138708,0.8466998830552434,0.0871286886177412
8,FFA,r,107,dyad,com_ind,ind,0.8776834859972238,0.91898449510044,0.8660762839203546,0.0322577066284772
8,FFA,r,107,face,face_first,face_noncom,0.8867276170904138,0.8858407596924055,0.893014675561389,-0.0067304871699793
8,EBA,r,136,dyad,com_ind,ind,0.9564614009666244,0.988033113365186,0.9791899324938615,-0.0069426753279564
8,EBA,r,136,face,face_first,face_noncom,0.9621559719511616,0.941632546571457,0.7224421628958169,0.2294520963654924
8,EVC,r,263,dyad,com_ind,ind,0.9701997221013288,0.9625208167768364,0.9760053935337618,-0.0096451240946793
8,EVC,r,263,face,face_first,face_noncom,0.9653544227485092,0.9658545596860868,0.8223202713414774,0.1432842198758205
8,MT,r,165,dyad,com_ind,ind,0.98374847479714,0.986119306134754,0.9845101071498752,0.0004237833160718
8,MT,r,165,face,face_first,face_noncom,0.9817557178769988,0.9710370208574436,0.974102675417965,0.0022936939492561
9,SI-STS,l,178,dyad,com_ind,ind,0.9498408420509376,0.8688228711828743,0.9090525036069248,0.0002793530099812
9,SI-STS,l,178,face,face_first,face_noncom,0.8739904989136624,0.9285573255271812,0.8677803646588885,0.0334935475615333
9,TPJ,l,304,dyad,com_ind,ind,0.7523979314305896,0.7706425043623776,0.7307530840291538,0.0307671338673297
9,TPJ,l,304,face,face_first,face_noncom,0.5708873773546499,0.849591182910634,0.6166997673496089,0.093539512783033
9,fSTS,l,23,dyad,com_ind,ind,0.9336804493531324,0.7902723020401043,0.8652405501160843,-0.0032641744194659
9,fSTS,l,23,face,face_first,face_noncom,0.6722035667496571,0.8326085553754236,0.7064893120050829,0.0459167490574573
9,FFA,l,106,dyad,com_ind,ind,0.7723923736520638,0.8956746645506837,0.8537819490956458,-0.019748429994272
9,FFA,l,106,face,face_first,face_noncom,0.8501753233621434,0.929666747382146,0.7558418482939725,0.1340791870781722
9,EBA,l,104,dyad,com_ind,ind,0.945657434705711,0.8335690730230582,0.8902979074552366,-0.000684653590852
9,EBA,l,104,face,face_first,face_noncom,0.9308122980744936,0.9787128100417916,0.8956141699962398,0.0591483840619028
9,EVC,l,249,dyad,com_ind,ind,0.9739315732146362,0.960917604562329,0.968963589762354,-0.0015390008738713
9,EVC,l,249,face,face_first,face_noncom,0.980724436063948,0.9694305032862116,0.9679502547273235,0.0071272149477563
9,MT,l,166,dyad,com_ind,ind,0.8996444892098932,0.8842437155709834,0.9200394111426572,-0.0280953087522189
9,MT,l,166,face,face_first,face_noncom,0.9331185956987184,0.9761210183070396,0.3064205565001496,0.6481992505027294
9,SI-STS,r,128,dyad,com_ind,ind,0.9408505600800654,0.8942111299400473,0.917086429358569,0.0004444156514873
9,SI-STS,r,128,face,face_first,face_noncom,0.8998640043598715,0.8746535746212502,0.770389681300637,0.1168691081899238
9,TPJ,r,320,dyad,com_ind,ind,0.939360796285607,0.905399844101845,0.932254028902189,-0.009873708708463
9,TPJ,r,320,face,face_first,face_noncom,0.8060022087289344,0.9108559849458034,0.8396219038530042,0.0188071929843647
9,fSTS,r,73,dyad,com_ind,ind,0.9725149072333604,0.9562823004819618,0.919330511230725,0.0450680926269361
9,fSTS,r,73,face,face_first,face_noncom,0.9712816988683242,0.949542895396623,0.6614441657361557,0.2989681313963178
9,FFA,r,107,dyad,com_ind,ind,0.6519572611317719,0.5539641077144094,0.5940316669279723,0.0089290174951183
9,FFA,r,107,face,face_first,face_noncom,0.6551841788828254,0.8025784301557702,0.6532312733630454,0.0756500311562524
9,EBA,r,142,dyad,com_ind,ind,0.9455756480455552,0.8066350617015027,0.831816619919577,0.0442887349539519
9,EBA,r,142,face,face_first,face_noncom,0.9457382630279856,0.9734552327100984,0.871102589158929,0.088494158710113
9,EVC,r,263,dyad,com_ind,ind,0.9575521836590832,0.9812842461643604,0.9646364711237624,0.0047817437879591
9,EVC,r,263,face,face_first,face_noncom,0.9220269129030576,0.9717518346986116,0.9189691623129358,0.0279202114878988
9,MT,r,165,dyad,com_ind,ind,0.9180196251607278,0.6939272791044266,0.854147606169541,-0.0481741540369637
9,MT,r,165,face,face_first,face_noncom,0.9412203253513264,0.9706221394673016,0.8379109866324377,0.1180102457768763
11,SI-STS,l,203,dyad,com_ind,ind,0.8735240792103794,0.8856488068393514,0.9166189604339264,-0.0370325174090611
11,SI-STS,l,203,face,face_first,face_noncom,0.9096294377339454,0.9050660190911152,0.8022913260589108,0.1050564023536193
11,TPJ,l,288,dyad,com_ind,ind,0.907658145112573,0.7526102238572279,0.776737184414893,0.0533970000700073
11,TPJ,l,288,face,face_first,face_noncom,0.8914789023961063,0.821092718637894,0.7757380288061801,0.08054778171082
11,fSTS,l,16,dyad,com_ind,ind,0.8626453804857448,0.3043840637848847,0.4501184764168878,0.1333962457184269
11,fSTS,l,16,face,face_first,face_noncom,0.9444358146210824,0.9232680803187264,0.5603233391397894,0.3735286083301149
11,FFA,l,106,dyad,com_ind,ind,0.8512673042110843,0.854181432100996,0.6988469548845495,0.1538774132714906
11,FFA,l,106,face,face_first,face_noncom,0.8988314742309345,0.9113921262077772,0.8714562512289465,0.0336555489904092
11,EBA,l,93,dyad,com_ind,ind,0.9784113970668322,0.9317921247357548,0.9560309308263076,-0.0009291699250142
11,EBA,l,93,face,face_first,face_noncom,0.9856191164384784,0.9771572715065588,0.8858472808777842,0.0955409130947344
11,EVC,l,249,dyad,com_ind,ind,0.9691283642851072,0.9224240176009026,0.9691179332560008,-0.0233417423129957
11,EVC,l,249,face,face_first,face_noncom,0.9743177215583864,0.9115930551393304,0.9388326167774088,0.0041227715714498
11,MT,l,166,dyad,com_ind,ind,0.9615211732243818,0.9418360036012068,0.9454046487430536,0.0062739396697406
11,MT,l,166,face,face_first,face_noncom,0.8728137177223712,0.9660576369292212,0.8790518776656726,0.0403837996601236
11,SI-STS,r,191,dyad,com_ind,ind,0.9679334312620488,0.8401044233965291,0.90710239462258,-0.003083467293291
11,SI-STS,r,191,face,face_first,face_noncom,0.9685398694143188,0.9648538936142682,0.8756427557976358,0.0910541257166577
11,TPJ,r,309,dyad,com_ind,ind,0.9637515121261196,0.852933974513743,0.9401689615785154,-0.031826218258584
11,TPJ,r,309,face,face_first,face_noncom,0.957346194778297,0.8522868688863148,0.8500135086056173,0.0548030232266885
11,fSTS,r,80,dyad,com_ind,ind,0.9879095542653884,0.9804988248297156,0.9790587365642114,0.0051454529833406
11,fSTS,r,80,face,face_first,face_noncom,0.9767364063197034,0.9899783232039432,0.9648510594587292,0.0185063053030939
11,FFA,r,107,dyad,com_ind,ind,0.9044890406939924,0.6657476631575163,0.7705638023081864,0.0145545496175679
11,FFA,r,107,face,face_first,face_noncom,0.8639589397369516,0.6313879470201945,0.720724761380527,0.026948681998046
11,EBA,r,111,dyad,com_ind,ind,0.9874812777669202,0.9496865225771396,0.977162360967298,-0.0085784607952681
11,EBA,r,111,face,face_first,face_noncom,0.9313790761069992,0.94319345607786,0.7993711788798983,0.1379150872125312
11,EVC,r,263,dyad,com_ind,ind,0.9712175508710292,0.9848310035577376,0.9717530412257828,0.0062712359886005
11,EVC,r,263,face,face_first,face_noncom,0.9728559126513288,0.9150547083618228,0.9298703012526726,0.0140850092539032
11,MT,r,165,dyad,com_ind,ind,0.9888147547622363,0.9553298195772432,0.9813362837227052,-0.0092639965529655
11,MT,r,165,face,face_first,face_noncom,0.9100076931005736,0.9503790172820548,0.8875584470545848,0.0426349081367294
12,SI-STS,l,205,dyad,com_ind,ind,0.8684237633456999,0.7597601943256029,0.7160436283101993,0.0980483505254521
12,SI-STS,l,205,face,face_first,face_noncom,0.8514702550305313,0.8575272448985333,0.7508078858483151,0.103690864116217
12,TPJ,l,311,dyad,com_ind,ind,0.9347639879463574,0.8215975782368368,0.8426903652397847,0.0354904178518123
12,TPJ,l,311,face,face_first,face_noncom,0.8194923012076007,0.8956679284164022,0.8296738054919437,0.0279063093200577
12,fSTS,l,17,dyad,com_ind,ind,0.93437304835444,0.7935102036325126,0.7919816338386927,0.0719599921547835
12,fSTS,l,17,face,face_first,face_noncom,0.9721293701463638,0.7937445327271441,0.8367778491292166,0.0461591023075373
12,FFA,l,106,dyad,com_ind,ind,0.9852368445289672,0.951719765055674,0.9730915821260492,-0.0046132773337284
12,FFA,l,106,face,face_first,face_noncom,0.9503241633018096,0.9639194951996236,0.9477266363991568,0.0093951928515599
12,EBA,l,106,dyad,com_ind,ind,0.9342688654460444,0.7013244915657755,0.9460620795539164,-0.1282654010480065
12,EBA,l,106,face,face_first,face_noncom,0.9589230792976906,0.9393009470572368,0.8497623937944989,0.0993496193829648
12,EVC,l,249,dyad,com_ind,ind,0.9777970302861916,0.8621018817368303,0.93107518668373,-0.0111257306722188
12,EVC,l,249,face,face_first,face_noncom,0.9721986535813774,0.97668118387776,0.9663959472671,0.0080439714624687
12,MT,l,166,dyad,com_ind,ind,0.9575651581175824,0.971223648082822,0.958211584507608,0.0061828185925942
12,MT,l,166,face,face_first,face_noncom,0.9769463746246188,0.98378579092621,0.9709123507529503,0.0094537320224639
12,SI-STS,r,195,dyad,com_ind,ind,0.947349629294959,0.5869447122482883,0.7737462492572427,-0.006599078485619
12,SI-STS,r,195,face,face_first,face_noncom,0.8746993408569705,0.9452799746028062,0.884254196534172,0.0257354611957163
12,TPJ,r,308,dyad,com_ind,ind,0.9206905874796598,0.1665517749385006,0.542332107627208,0.0012890735818722
12,TPJ,r,308,face,face_first,face_noncom,0.475631888252872,0.8577407740487933,0.7730048592436859,-0.1063185280928532
12,fSTS,r,89,dyad,com_ind,ind,0.8987209083038857,0.3170106142932538,0.5901600229193125,0.0177057383792573
12,fSTS,r,89,face,face_first,face_noncom,0.8902270878455563,0.6390098089140123,0.5757408698167942,0.18887757856299
12,FFA,r,107,dyad,com_ind,ind,0.9941422104836228,0.984449886940221,0.9831671047531384,0.0061289439587834
12,FFA,r,107,face,face_first,face_noncom,0.9844994942069109,0.9951151612224116,0.9857599575702256,0.0040473701444353
12,EBA,r,119,dyad,com_ind,ind,0.993742908869038,0.956510534901323,0.962227972424006,0.0128987494611745
12,EBA,r,119,face,face_first,face_noncom,0.9572458897035702,0.8686308343808258,0.8168854239391359,0.0960529381030621
12,EVC,r,263,dyad,com_ind,ind,0.958454207830734,0.8840991790950135,0.9295682119524438,-0.0082915184895699
12,EVC,r,263,face,face_first,face_noncom,0.9528783620480232,0.9162905378586528,0.9009822427947088,0.0336022071586292
12,MT,r,165,dyad,com_ind,ind,0.9925558413381366,0.9525307661199208,0.9532486162486457,0.0192946874803831
12,MT,r,165,face,face_first,face_noncom,0.9510198759453352,0.9188560787434906,0.6408518411314463,0.2940861362129665
13,SI-STS,l,169,dyad,com_ind,ind,0.8026154997770742,0.3201025290271382,0.543926148446036,0.0174328659560701
13,SI-STS,l,169,face,face_first,face_noncom,0.3996111809407797,0.2977592274723804,0.2657980183481721,0.0828871858584078
13,TPJ,l,313,dyad,com_ind,ind,0.718735811485966,0.132444468450883,0.4861848988569229,-0.0605947588884984
13,TPJ,l,313,face,face_first,face_noncom,0.4922246495601581,0.3499082422977324,0.2957057030332522,0.125360742895693
13,fSTS,l,23,dyad,com_ind,ind,0.8967929065942406,0.6994227226712977,0.8814668650668964,-0.0833590504341272
13,fSTS,l,23,face,face_first,face_noncom,0.7052669161015583,0.0183404118221802,0.5706926329998678,-0.2088889690379985
13,FFA,l,106,dyad,com_ind,ind,0.8440348309853416,0.6996486512323288,0.8072337050554543,-0.0353919639466191
13,FFA,l,106,face,face_first,face_noncom,0.7741125023563291,0.6099349853517256,0.7151913985231089,-0.0231676546690815
13,EBA,l,103,dyad,com_ind,ind,0.9541993047739444,0.7211465388619489,0.8560550036092467,-0.0183820817912999
13,EBA,l,103,face,face_first,face_noncom,0.8922407791971888,0.934597662865274,0.8166932689783758,0.0967259520528557
13,EVC,l,249,dyad,com_ind,ind,0.8781936335403304,0.8440696965215864,0.8984254205242328,-0.0372937554932744
13,EVC,l,249,face,face_first,face_noncom,0.931695497226564,0.9129251452208424,0.8804046556936312,0.041905665530072
13,MT,l,165,dyad,com_ind,ind,0.9811962812159384,0.9297036805307296,0.9443775934459352,0.0110723874273989
13,MT,l,165,face,face_first,face_noncom,0.8835738161959655,0.8949756534099819,0.7903104533614713,0.0989642814415023
13,SI-STS,r,165,dyad,com_ind,ind,0.8092687310120216,0.1898202825775459,0.4238674366798836,0.0756770701149001
13,SI-STS,r,165,face,face_first,face_noncom,-0.0476853814408928,0.4652995064462387,0.5285788060691261,-0.3197717435664531
13,TPJ,r,308,dyad,com_ind,ind,0.9105859720137874,0.6857287615726261,0.6843503411723837,0.113807025620823
13,TPJ,r,308,face,face_first,face_noncom,0.7073520799253123,0.7299445700881354,0.5513499517209635,0.1672983732857604
13,fSTS,r,91,dyad,com_ind,ind,0.9874505018305968,0.2319234976187289,0.6852375075509662,-0.0755505078263033
13,fSTS,r,91,face,face_first,face_noncom,0.9171399339461542,0.7736539923248813,0.8636102490134179,-0.0182132858779
13,FFA,r,107,dyad,com_ind,ind,0.9518605678202188,0.9091435392677182,0.9119793068233738,0.0185227467205947
13,FFA,r,107,face,face_first,face_noncom,0.8885430314486453,0.9492379158731066,0.9396239073300096,-0.0207334336691337
13,EBA,r,125,dyad,com_ind,ind,0.959004184770064,0.5382513154304409,0.7952307629311213,-0.0466030128308687
13,EBA,r,125,face,face_first,face_noncom,0.9109592700906318,0.5963533827760638,0.5579746355661462,0.1956816908672015
13,EVC,r,263,dyad,com_ind,ind,0.9748845000570068,0.9516236319282152,0.9670217971556344,-0.0037677311630234
13,EVC,r,263,face,face_first,face_noncom,0.9513485688133992,0.9302967128111768,0.943658119318977,-0.002835478506689
13,MT,r,165,dyad,com_ind,ind,0.8680008469079434,0.7470233872971863,0.8075534150070339,-4.1297904469050906e-05
13,MT,r,165,face,face_first,face_noncom,0.7662411014695039,0.8030649459014962,0.7654808626397765,0.0191721610457235
14,SI-STS,l,219,dyad,com_ind,ind,0.9786118542203504,0.9565260864316628,0.9662441119944444,0.0013248583315623
14,SI-STS,l,219,face,face_first,face_noncom,0.9894703924946736,0.9713988344578064,0.9841680096064972,-0.0037333961302573
14,TPJ,l,227,dyad,com_ind,ind,0.7546359339826623,0.7536747853004406,0.686694353272894,0.0674610063686574
14,TPJ,l,227,face,face_first,face_noncom,0.8213813898874398,0.766906719864954,0.8190025006722977,-0.0248584457961008
14,fSTS,l,23,dyad,com_ind,ind,0.011228612448316,0.4180156724001011,0.0990018254717982,0.1156203169524103
14,fSTS,l,23,face,face_first,face_noncom,0.8105880123282694,0.514747679996065,0.3782390684411217,0.2844287777210453
14,FFA,l,106,dyad,com_ind,ind,0.9189996900459836,0.8046387246660854,0.8359554947267971,0.0258637126292374
14,FFA,l,106,face,face_first,face_noncom,0.8748082915079545,0.9142521698677673,0.8747653952335144,0.0197648354543464
14,EBA,l,111,dyad,com_ind,ind,0.8687860469716753,0.939810273282106,0.9442070740495204,-0.0399089139226297
14,EBA,l,111,face,face_first,face_noncom,0.8014596258341673,0.9572694255175778,0.794375093248286,0.0849894324275865
14,EVC,l,249,dyad,com_ind,ind,0.9738475873145668,0.9582324302433064,0.9615868057887688,0.0044532029901679
14,EVC,l,249,face,face_first,face_noncom,0.9698282287609874,0.9661108926048656,0.9639625295097934,0.004007031173133
14,MT,l,166,dyad,com_ind,ind,0.9861243801884104,0.9627659277236356,0.9810172638548564,-0.0065721098988335
14,MT,l,166,face,face_first,face_noncom,0.9772374156342536,0.9741635682095175,0.9598477998938542,0.0158526920280313
14,SI-STS,r,196,dyad,com_ind,ind,0.7870085573484007,0.7757664866737994,0.6994001549215509,0.0819873670895491
14,SI-STS,r,196,face,face_first,face_noncom,0.8666840240982066,0.7737715116841101,0.6546237223211895,0.1656040455699687
14,TPJ,r,303,dyad,com_ind,ind,0.9707363523251904,0.9816389451088304,0.966592892738224,0.0095947559787861
14,TPJ,r,303,face,face_first,face_noncom,0.9528590764213146,0.9689122209597604,0.9661379132288072,-0.0052522645382697
14,fSTS,r,76,dyad,com_ind,ind,0.9586501558187096,0.9719786963652864,0.9458086494793984,0.0195057766125994
14,fSTS,r,76,face,face_first,face_noncom,0.9535323414468572,0.958383639142393,0.9288358034496432,0.0271221868449816
14,FFA,r,107,dyad,com_ind,ind,0.9426805711760902,0.8312119643219993,0.9098314088723805,-0.0228851411233357
14,FFA,r,107,face,face_first,face_noncom,0.8992243402039479,0.9220988639608264,0.8919283035266649,0.0187332985557222
14,EBA,r,126,dyad,com_ind,ind,0.9796164282267752,0.9800381262300728,0.9631782773333954,0.0166489998950285
14,EBA,r,126,face,face_first,face_noncom,0.9820008593073382,0.9831962208394478,0.9301940955816328,0.0524044444917601
14,EVC,r,263,dyad,com_ind,ind,0.9836052623623908,0.9943316323255176,0.992152736707324,-0.0031842893633698
14,EVC,r,263,face,face_first,face_noncom,0.9884697066167148,0.945829685447826,0.978712718233146,-0.0115630222008757
14,MT,r,165,dyad,com_ind,ind,0.973017324462706,0.9630344847717952,0.983949925974291,-0.0159240213570404
14,MT,r,165,face,face_first,face_noncom,0.9841133315976514,0.9485215009959505,0.9006852489038233,0.0656321673929776
15,SI-STS,l,208,dyad,com_ind,ind,0.6924234745778538,0.4726523472962298,0.458375084752915,0.1241628261841268
15,SI-STS,l,208,face,face_first,face_noncom,0.6851003483681344,0.8482034370613798,0.7356118274456436,0.0310400652691135
15,TPJ,l,313,dyad,com_ind,ind,0.8521978067500414,0.5775740709703521,0.7160579710596529,-0.0011720321994561
15,TPJ,l,313,face,face_first,face_noncom,0.7711946887216404,0.8969484600269948,0.6280829830493,0.2059885913250176
15,fSTS,l,23,dyad,com_ind,ind,0.8412896994748765,0.7714618462380034,0.772679173204669,0.033696599651771
15,fSTS,l,23,face,face_first,face_noncom,0.7529972267139085,0.8584473680176686,0.6538467857753205,0.1518755115904679
15,FFA,l,106,dyad,com_ind,ind,0.9292355805998403,0.9307632573127932,0.9267091488139448,0.003290270142372
15,FFA,l,106,face,face_first,face_noncom,0.925279946605426,0.9407544426142178,0.8711036960899077,0.0619134985199142
15,EBA,l,104,dyad,com_ind,ind,0.953928528551284,0.9094690809646,0.94106947530198,-0.0093706705440379
15,EBA,l,104,face,face_first,face_noncom,0.9401914780240282,0.9399670017283954,0.8071247846136784,0.1329544552625334
15,EVC,l,249,dyad,com_ind,ind,0.9901466438088504,0.9799279832785186,0.9892883700593416,-0.004251056515657
15,EVC,l,249,face,face_first,face_noncom,0.9793804278804796,0.9874487401727516,0.9813321315958754,0.0020824524307403
15,MT,l,166,dyad,com_ind,ind,0.9852174577170244,0.9536732337588656,0.9798318692452308,-0.0103865235072859
15,MT,l,166,face,face_first,face_noncom,0.8958527650439598,0.9660317342422666,0.8789826323073637,0.0519596173357495
15,SI-STS,r,182,dyad,com_ind,ind,0.9342693245799748,0.8986477356314093,0.937976561854448,-0.0215180317487561
15,SI-STS,r,182,face,face_first,face_noncom,0.973469135846752,0.987415385147441,0.9605269837172056,0.0199152767798908
15,TPJ,r,321,dyad,com_ind,ind,0.8579119176069806,0.870379395235979,0.8558899303157653,0.0082557261057144
15,TPJ,r,321,face,face_first,face_noncom,0.851324165381922,0.8137631393008933,0.7826800542886233,0.0498635980527842
15,fSTS,r,85,dyad,com_ind,ind,0.9181102959493306,0.8825656442461911,0.9209887257299588,-0.020650755632198
15,fSTS,r,85,face,face_first,face_noncom,0.9711307090495144,0.9611042229035304,0.8192947849397232,0.1468226810367993
15,FFA,r,107,dyad,com_ind,ind,0.9487300933333482,0.9657673175710264,0.9595071617479176,-0.0022584562957304
15,FFA,r,107,face,face_first,face_noncom,0.9625018674378116,0.92992948004759,0.8278174144518282,0.1183982592908725
15,EBA,r,131,dyad,com_ind,ind,0.9730646354417296,0.9771502631938492,0.9880496418086258,-0.0129421924908363
15,EBA,r,131,face,face_first,face_noncom,0.9830673590273512,0.9915448012650728,0.959373234650039,0.027932845496173
15,EVC,r,263,dyad,com_ind,ind,0.9935398495519934,0.9725881973032556,0.9852560295473454,-0.0021920061197208
15,EVC,r,263,face,face_first,face_noncom,0.9848343799206216,0.991689238594512,0.9895267681389286,-0.0012649588813617
15,MT,r,165,dyad,com_ind,ind,0.9373946786644056,0.9695847523709606,0.9802621973674162,-0.026772481849733
15,MT,r,165,face,face_first,face_noncom,0.95979261944402,0.9864873286352318,0.866639004579114,0.1065009694605119
16,SI-STS,l,112,dyad,com_ind,ind,0.1057867700457304,0.3017287118954191,0.0350720906461232,0.1686856503244516
16,SI-STS,l,112,face,face_first,face_noncom,0.0026912787247547,0.2265666635595001,0.1505516825217305,-0.0359227113796031
16,TPJ,l,299,dyad,com_ind,ind,0.4743914416744216,0.5419236017584039,0.5264787780380219,-0.0183212563216091
16,TPJ,l,299,face,face_first,face_noncom,0.5502963540544128,-0.2971971094835111,0.3112477377252362,-0.1846981154397854
16,fSTS,l,23,dyad,com_ind,ind,0.778216620209444,0.7582315361009839,0.3785878875592454,0.3896361905959685
16,fSTS,l,23,face,face_first,face_noncom,0.6182658648316741,-0.0834894662107924,0.2098869706840814,0.0575012286263593
16,FFA,l,106,dyad,com_ind,ind,0.9277537345495488,0.8926229942371462,0.921435242836562,-0.0112468784432143
16,FFA,l,106,face,face_first,face_noncom,0.6460182122269627,0.8312076471757496,0.7935375437745809,-0.0549246140732246
16,EBA,l,97,dyad,com_ind,ind,0.9160938923857735,0.8647789702751304,0.761086289204231,0.1293501421262209
16,EBA,l,97,face,face_first,face_noncom,0.6796989407903282,0.8663478809826014,0.7559140381184051,0.0171093727680597
16,EVC,l,249,dyad,com_ind,ind,0.9809935021043537,0.988161486465634,0.9910125929496036,-0.0064350986646097
16,EVC,l,249,face,face_first,face_noncom,0.9371475716042924,0.9647607565078702,0.9520441877343564,-0.0010900236782751
16,MT,l,166,dyad,com_ind,ind,0.9460871645703202,0.9540101426520128,0.9445902421843048,0.0054584114268615
16,MT,l,166,face,face_first,face_noncom,0.9358278537916592,0.9551503507723608,0.92024416674529,0.02524493553672
16,SI-STS,r,151,dyad,com_ind,ind,0.91291953751906,0.926777213000154,0.8926623258129971,0.0271860494466099
16,SI-STS,r,151,face,face_first,face_noncom,0.9080720016229192,0.9051890598024616,0.7270774259607383,0.1795531047519521
16,TPJ,r,297,dyad,com_ind,ind,0.837160389003588,0.8061158046005399,0.7930089590790999,0.0286291377229641
16,TPJ,r,297,face,face_first,face_noncom,0.7093502087620661,0.8509909717819619,0.726739687143965,0.0534309031280489
16,fSTS,r,86,dyad,com_ind,ind,0.9104812419417336,0.8131040266276316,0.8445652303694519,0.0172274039152307
16,fSTS,r,86,face,face_first,face_noncom,0.9100726157829117,0.9443211001339208,0.8509138240471726,0.0762830339112435
16,FFA,r,107,dyad,com_ind,ind,0.9560280115832804,0.9390018537357508,0.9376009862565524,0.0099139464029631
16,FFA,r,107,face,face_first,face_noncom,0.7972346872760284,0.9301207750610048,0.8011194086555646,0.062558322512952
16,EBA,r,138,dyad,com_ind,ind,0.9767650014478716,0.9319809373602692,0.9314197382311497,0.0229532311729208
16,EBA,r,138,face,face_first,face_noncom,0.9254700427641376,0.9346016706970216,0.7137611923862419,0.2162746643443376
16,EVC,r,263,dyad,com_ind,ind,0.9666656096755988,0.9515813334447408,0.9534130652195052,0.0057104063406645
16,EVC,r,263,face,face_first,face_noncom,0.9400178129990772,0.8869076365173021,0.88604859601618,0.0274141287420096
16,MT,r,165,dyad,com_ind,ind,0.9633768550805806,0.9424136256648208,0.9506254632348335,0.002269777137867
16,MT,r,165,face,face_first,face_noncom,0.7952724187979812,0.9221895315802732,0.8386909722378251,0.020040002951302
18,SI-STS,l,219,dyad,com_ind,ind,0.8278456484023673,0.8596258077924159,0.8314880625450436,0.012247665552348
18,SI-STS,l,219,face,face_first,face_noncom,0.5365384991532429,0.7766700326446203,0.5842090975015257,0.0723951683974059
18,TPJ,l,266,dyad,com_ind,ind,0.8167927458079441,0.8547711957204811,0.8066439536849103,0.0291380170793024
18,TPJ,l,266,face,face_first,face_noncom,0.7592879351494166,0.7581579122201304,0.7494938656978107,0.0092290579869627
18,fSTS,l,23,dyad,com_ind,ind,0.9745267391164328,0.963926464528928,0.9537721517088542,0.015454450113826
18,fSTS,l,23,face,face_first,face_noncom,0.9547710895451842,0.9491063045588908,0.8954473002879881,0.0564913967640493
18,FFA,l,106,dyad,com_ind,ind,0.880152575396782,0.8437320345339101,0.8744228481102707,-0.0124805431449246
18,FFA,l,106,face,face_first,face_noncom,0.7809265145796893,0.9086509486882623,0.7894046656366087,0.0553840659973671
18,EBA,l,99,dyad,com_ind,ind,0.9535701068683758,0.9286454473338096,0.9635287353707672,-0.0224209582696743
18,EBA,l,99,face,face_first,face_noncom,0.9022776393869932,0.9580046711176412,0.8477135222931726,0.0824276329591444
18,EVC,l,249,dyad,com_ind,ind,0.9925420117623348,0.9846215255021856,0.9885434436183692,3.832501389089416e-05
18,EVC,l,249,face,face_first,face_noncom,0.963064756613752,0.9746208808174616,0.967747087911964,0.0010957308036427
18,MT,l,166,dyad,com_ind,ind,0.9754188257489288,0.952001809773055,0.966802094336932,-0.00309177657594
18,MT,l,166,face,face_first,face_noncom,0.9360363358207384,0.967603667882802,0.8908755991113212,0.0609444027404489
18,SI-STS,r,195,dyad,com_ind,ind,0.9482459499155786,0.8893740206559736,0.8710288141567308,0.0477811711290452
18,SI-STS,r,195,face,face_first,face_noncom,0.8908739975341295,0.8220384020885254,0.6655009997356449,0.1909552000756825
18,TPJ,r,255,dyad,com_ind,ind,0.7525537301261378,0.8515440304501195,0.7907014325894512,0.0113474476986774
18,TPJ,r,255,face,face_first,face_noncom,0.6123709597742718,0.3981496544813333,0.4155477943152761,0.0897125128125264
18,fSTS,r,60,dyad,com_ind,ind,0.7597312590064058,0.9164431009324,0.7474494569856793,0.0906377229837235
18,fSTS,r,60,face,face_first,face_noncom,0.904089785733808,0.7575584313420234,0.6130632607014879,0.2177608478364279
18,FFA,r,107,dyad,com_ind,ind,0.954891230180394,0.8773306776021939,0.9112236173212231,0.0048873365700707
18,FFA,r,107,face,face_first,face_noncom,0.9500799440280168,0.968056098121189,0.9378931050886145,0.0211749159859885
18,EBA,r,145,dyad,com_ind,ind,0.9871185423667356,0.9067857473810944,0.9479451137849106,-0.0009929689109957
18,EBA,r,145,face,face_first,face_noncom,0.97127524505511,0.982234327208654,0.9056684527016662,0.0710863334302158
18,EVC,r,263,dyad,com_ind,ind,0.9793970725564304,0.975810027037028,0.97887036179912,-0.0012668120023908
18,EVC,r,263,face,face_first,face_noncom,0.9738923360703526,0.972982136621209,0.9623819932227168,0.0110552431230641
18,MT,r,165,dyad,com_ind,ind,0.9899345481004972,0.9642374979049578,0.9817766271652576,-0.0046906041625298
18,MT,r,165,face,face_first,face_noncom,0.987357245767218,0.9827263851984334,0.9360404121734364,0.0490014033093894
19,SI-STS,l,192,dyad,com_ind,ind,0.9778907197307938,0.9550034551661916,0.9462037530420462,0.0202433344064465
19,SI-STS,l,192,face,face_first,face_noncom,0.964718076162987,0.9178542859867164,0.9545992234987256,-0.0133130424238738
19,TPJ,l,307,dyad,com_ind,ind,0.901960059662166,0.6984472069636252,0.6289569736249265,0.171246659687969
19,TPJ,l,307,face,face_first,face_noncom,0.2646146109635652,0.4489870582452867,0.5875451819414543,-0.2307443473370284
19,fSTS,l,23,dyad,com_ind,ind,0.9846410668952634,0.9956049500810156,0.9860044667498792,0.0041185417382603
19,fSTS,l,23,face,face_first,face_noncom,0.9274471647675449,0.9361275318948332,0.9492666918146044,-0.0174793434834155
19,FFA,l,106,dyad,com_ind,ind,0.9382131183068456,0.9831128552047456,0.9579222472893404,0.0027407394664551
19,FFA,l,106,face,face_first,face_noncom,0.9527240946706812,0.9689134684543684,0.9376341501971556,0.0231846313653691
19,EBA,l,93,dyad,com_ind,ind,0.9723107833653944,0.9309665834330084,0.9460918045065564,0.0055468788926451
19,EBA,l,93,face,face_first,face_noncom,0.9770578416719344,0.976440750686645,0.9109345621644804,0.0658147340148093
19,EVC,l,249,dyad,com_ind,ind,0.9854587439495296,0.9964941783411954,0.98713933615517,0.0038371249901925
19,EVC,l,249,face,face_first,face_noncom,0.9664809046410788,0.9866422045416297,0.9712881660174368,0.0052733885739173
19,MT,l,166,dyad,com_ind,ind,0.9584156979548042,0.9791787819674987,0.9159628323386476,0.0528344076225039
19,MT,l,166,face,face_first,face_noncom,0.9163679974500564,0.9799007024302476,0.9202105823825422,0.0279237675576098
19,SI-STS,r,178,dyad,com_ind,ind,0.9628627577677746,0.9557256338521628,0.9502053320651652,0.0090888637448035
19,SI-STS,r,178,face,face_first,face_noncom,0.9396165173570588,0.9197938980678392,0.8362192674621819,0.093485940250267
19,TPJ,r,322,dyad,com_ind,ind,0.9681093500635104,0.984371177402755,0.97159953278922,0.0046407309439125
19,TPJ,r,322,face,face_first,face_noncom,0.962316255167867,0.8282426635023472,0.9027530227532408,-0.0074735634181336
19,fSTS,r,89,dyad,com_ind,ind,0.9728664711960258,0.994376779659882,0.9708215377648568,0.0128000876630971
19,fSTS,r,89,face,face_first,face_noncom,0.9384922869495358,0.9554186295859302,0.6402801451505398,0.3066753131171932
19,FFA,r,107,dyad,com_ind,ind,0.9578383011906498,0.9840818343998724,0.97905710962126,-0.0080970418259986
19,FFA,r,107,face,face_first,face_noncom,0.9682857598065552,0.9768239402881038,0.9701120270337706,0.0024428230135588
19,EBA,r,148,dyad,com_ind,ind,0.9881112272334156,0.971174152646749,0.936537714821945,0.0431049751181372
19,EBA,r,148,face,face_first,face_noncom,0.9950188245402112,0.9837657746148236,0.969260917780442,0.0201313817970756
19,EVC,r,263,dyad,com_ind,ind,0.982264254996486,0.984441432098718,0.977385528350962,0.00596731519664
19,EVC,r,263,face,face_first,face_noncom,0.974395637163615,0.9695655776118076,0.9723263336765676,-0.0003457262888563
19,MT,r,165,dyad,com_ind,ind,0.9889317103560532,0.9869078877719162,0.9841132107210864,0.0038065883428983
19,MT,r,165,face,face_first,face_noncom,0.9887328527112376,0.988945892246716,0.950147548790993,0.0386918236879838
20,SI-STS,l,218,dyad,com_ind,ind,0.7356017888713391,0.4984344419148787,0.3640501514872475,0.2529679639058614
20,SI-STS,l,218,face,face_first,face_noncom,0.8231052262498602,0.1770814352952209,0.5970171636717797,-0.0969238328992391
20,fSTS,l,18,dyad,com_ind,ind,0.6367424023240489,-0.5872464970765078,0.114466858026468,-0.0897189054026974
20,fSTS,l,18,face,face_first,face_noncom,0.5151417336302159,0.4559021500045272,0.3293585309197653,0.1561634108976062
20,FFA,l,106,dyad,com_ind,ind,0.8468674061841716,0.7706392202056723,0.8172198548349172,-0.0084665416399952
20,FFA,l,106,face,face_first,face_noncom,0.889968159861233,0.8693948216629863,0.8106195566797927,0.0690619340823169
20,EBA,l,107,dyad,com_ind,ind,0.9657266020389568,0.92116116183598,0.949077257542798,-0.0056333756053295
20,EBA,l,107,face,face_first,face_noncom,0.913816536925566,0.9790373383787536,0.860259839672018,0.0861670979801417
20,EVC,l,249,dyad,com_ind,ind,0.9843959983524072,0.9899199636825572,0.9862608663689048,0.0008971146485773
20,EVC,l,249,face,face_first,face_noncom,0.978913813574578,0.9685554211826816,0.9655590960121734,0.0081755213664564
20,MT,l,166,dyad,com_ind,ind,0.952757078776097,0.9600900746259532,0.9457480574802308,0.0106755192207942
20,MT,l,166,face,face_first,face_noncom,0.9773417770236162,0.9823760426212352,0.9093431073255892,0.0705158024968364
20,SI-STS,r,190,dyad,com_ind,ind,-0.3268286806141936,0.1699029530961142,0.1565996261655354,-0.235062489924575
20,SI-STS,r,190,face,face_first,face_noncom,0.8266641520670481,-0.2118459984709792,0.3394977942331127,-0.0320887174350782
20,fSTS,r,79,dyad,com_ind,ind,0.830986968838989,0.8819108748513691,0.8469784367798818,0.0094704850652972
20,fSTS,r,79,face,face_first,face_noncom,0.9438531670523104,0.7313788929981209,0.7958985283602438,0.0417175016649717
20,FFA,r,107,dyad,com_ind,ind,0.665840506503258,0.74808310317874,0.7296111015531779,-0.0226492967121788
20,FFA,r,107,face,face_first,face_noncom,0.9563149678387288,0.8822617139406358,0.8492416225166377,0.0700467183730446
20,EBA,r,142,dyad,com_ind,ind,0.9752639294791102,0.970843516736279,0.9490597829857104,0.023993940121984
20,EBA,r,142,face,face_first,face_noncom,0.987627536843826,0.9311454099810526,0.8872287192842547,0.0721577541281845
20,EVC,r,263,dyad,com_ind,ind,0.9715205723583088,0.9150757245486068,0.9482011440770746,-0.0049029956236166
20,EVC,r,263,face,face_first,face_noncom,0.9768836881102364,0.962970442804832,0.94977620677061,0.0201508586869242
20,MT,r,165,dyad,com_ind,ind,0.9752856675223196,0.9539666079356734,0.970828275270659,-0.0062021375416623
20,MT,r,165,face,face_first,face_noncom,0.9764430674151324,0.942580341172762,0.9271891786483992,0.0323225256455479
21,SI-STS,l,220,dyad,com_ind,ind,0.0664340905315663,0.8263345596971527,0.5535629532177946,-0.107178628103435
21,SI-STS,l,220,face,face_first,face_noncom,0.9153391878866926,0.7437444463662054,0.846603810108393,-0.0170619929819439
21,fSTS,l,23,dyad,com_ind,ind,0.7422380071714284,0.7306064239592205,0.8179499539496513,-0.0815277383843269
21,fSTS,l,23,face,face_first,face_noncom,0.9537839116407778,0.9752864180108016,0.9594006420678786,0.005134522757911
21,FFA,l,106,dyad,com_ind,ind,0.9382436574913654,0.9806538706835438,0.9653121428482428,-0.0058633787607881
21,FFA,l,106,face,face_first,face_noncom,0.9608723508070268,0.985833431987145,0.9573979316646382,0.0159549597324477
21,EBA,l,114,dyad,com_ind,ind,0.5335176936498053,0.8907730279893438,0.8562787782761689,-0.1441334174565944
21,EBA,l,114,face,face_first,face_noncom,0.8858030955304095,0.971239323267686,0.8353352146605512,0.0931859947384965
21,EVC,l,249,dyad,com_ind,ind,0.9767510284718304,0.9921891550057592,0.9851792772335,-0.0007091854947052
21,EVC,l,249,face,face_first,face_noncom,0.9871792194833238,0.9739217358415274,0.9857127862332574,-0.0051623085708317
21,MT,l,164,dyad,com_ind,ind,0.9690427157199368,0.9697018818283166,0.9642236595463838,0.0051486392277428
21,MT,l,164,face,face_first,face_noncom,0.9915322911872329,0.9704403020998664,0.9206296283997326,0.0603566682438169
21,SI-STS,r,196,dyad,com_ind,ind,0.95680597803822,0.8901788017997336,0.913804773193243,0.0096876167257338
21,SI-STS,r,196,face,face_first,face_noncom,0.9511783946041702,0.9631473198516703,0.9373847758472804,0.0197780813806398
21,fSTS,r,89,dyad,com_ind,ind,0.9679770921026688,0.969453504054838,0.9694810164719484,-0.000765718393195
21,fSTS,r,89,face,face_first,face_noncom,0.9923689078194236,0.988233655862029,0.9769358051736866,0.0133654766670398
21,FFA,r,107,dyad,com_ind,ind,0.9630965467806472,0.9645358131139048,0.9535524975771984,0.0102636823700776
21,FFA,r,107,face,face_first,face_noncom,0.9034529407488732,0.907916894899408,0.9268301256091478,-0.0211452077850072
21,EBA,r,149,dyad,com_ind,ind,0.7699995047589374,0.918302519848572,0.8259288629736488,0.0182221493301059
21,EBA,r,149,face,face_first,face_noncom,0.9130663757631876,0.9415368934716318,0.8411757118297682,0.0861259227876414
21,EVC,r,263,dyad,com_ind,ind,0.9678917845597416,0.9872531979235948,0.9768616864497276,0.0007108047919404
21,EVC,r,263,face,face_first,face_noncom,0.9884278331583288,0.9839287301144772,0.983384147604764,0.002794134031639
21,MT,r,165,dyad,com_ind,ind,0.9631062128508352,0.9685376841173754,0.9617899713004864,0.0040319771836188
21,MT,r,165,face,face_first,face_noncom,0.991099839279223,0.9567075954819626,0.9422432643700748,0.0316604530105179
22,SI-STS,l,207,dyad,com_ind,ind,0.7657985805562723,0.8100577816685913,0.7377341240583812,0.0501940570540505
22,SI-STS,l,207,face,face_first,face_noncom,0.1976499092310386,0.8202714869633556,0.5842888435137183,-0.0753281454165212
22,TPJ,l,297,dyad,com_ind,ind,0.8425423973344356,0.8450481799256988,0.8225357709354504,0.0212595176946168
22,TPJ,l,297,face,face_first,face_noncom,0.3262898241000096,0.9426370381580736,0.6418453664729796,-0.007381935343938
22,fSTS,l,23,dyad,com_ind,ind,0.8838647127762504,0.8376954521037592,0.919898244844494,-0.0591181624044893
22,fSTS,l,23,face,face_first,face_noncom,0.8273413325382141,0.8116202455721578,0.7537583062989841,0.0657224827562018
22,FFA,l,106,dyad,com_ind,ind,0.9863816425514084,0.963475029768296,0.973501360673733,0.001426975486119
22,FFA,l,106,face,face_first,face_noncom,0.845634286026707,0.9685136486111148,0.914629466909368,-0.0075554995904569
22,EBA,l,114,dyad,com_ind,ind,0.9612952301316348,0.8730749490197379,0.9077618883097422,0.009423201265944
22,EBA,l,114,face,face_first,face_noncom,0.7980636502708122,0.8256736585581191,0.6665452199721846,0.145323434442281
22,EVC,l,249,dyad,com_ind,ind,0.9876819422043795,0.9919853951064384,0.9920284855951343,-0.0021948169397254
22,EVC,l,249,face,face_first,face_noncom,0.9751986587910696,0.9541455246920334,0.9620241386974366,0.0026479530441148
22,MT,l,166,dyad,com_ind,ind,0.9771448566453016,0.9564508556612568,0.9613497493687552,0.005448106784524
22,MT,l,166,face,face_first,face_noncom,0.964719849851932,0.9716769957624772,0.9488899863793848,0.0193084364278199
22,SI-STS,r,126,dyad,com_ind,ind,0.6734666836932865,0.8324163191902623,0.6695446138194197,0.0833968876223547
22,SI-STS,r,126,face,face_first,face_noncom,0.6386609988649081,0.8798364423565347,0.6439947212261902,0.1152539993845312
22,TPJ,r,320,dyad,com_ind,ind,0.8819365512791364,0.931896069222229,0.9295710821801962,-0.0226547719295134
22,TPJ,r,320,face,face_first,face_noncom,0.8483036545059488,0.724379056691037,0.7600215251565545,0.0263198304419383
22,fSTS,r,56,dyad,com_ind,ind,0.9504426389298998,0.9521914753099544,0.9237938438638408,0.0275232132560863
22,fSTS,r,56,face,face_first,face_noncom,0.8381514393594837,0.9226331318614394,0.7619608467797132,0.1184314388307483
22,FFA,r,107,dyad,com_ind,ind,0.9349143434812954,0.8919303538875969,0.911573612284575,0.0018487363998711
22,FFA,r,107,face,face_first,face_noncom,0.7025739879433646,0.955787940838735,0.8860814589661818,-0.0569004945751321
22,EBA,r,134,dyad,com_ind,ind,0.9117772114340912,0.9368883338453504,0.8737050106010522,0.0506277620386685
22,EBA,r,134,face,face_first,face_noncom,0.9278350631800564,0.8731276066712221,0.7946789203670829,0.1058024145585564
22,EVC,r,263,dyad,com_ind,ind,0.9830981481810296,0.9832250696286496,0.9819351410091306,0.0012264678957089
22,EVC,r,263,face,face_first,face_noncom,0.9824314975715572,0.9514881393117228,0.9341279966422328,0.0328318217994073
22,MT,r,165,dyad,com_ind,ind,0.9684270549160278,0.9604800109335332,0.9620715728012956,0.0023819601234849
22,MT,r,165,face,face_first,face_noncom,0.9750292598537832,0.9759108459287996,0.9537187263007216,0.0217513265905697
23,SI-STS,l,218,dyad,com_ind,ind,0.9137321879080702,0.6579164844394104,0.6374634463006789,0.1483608898730614
23,SI-STS,l,218,face,face_first,face_noncom,0.9629013486210596,0.8405512419176617,0.7889540953610505,0.11277219990831
23,TPJ,l,254,dyad,com_ind,ind,0.7222137724096339,0.8184308463339536,0.6105541469252423,0.1597681624465513
23,TPJ,l,254,face,face_first,face_noncom,0.2995620498221969,0.6772381008701571,0.6341862677954049,-0.1457861924492278
23,fSTS,l,23,dyad,com_ind,ind,0.9373561272417176,0.9391494815805718,0.8160579480079662,0.1221948564031785
23,fSTS,l,23,face,face_first,face_noncom,0.9809796343182148,0.6057018746284377,0.771896189679297,0.0214445647940293
23,FFA,l,106,dyad,com_ind,ind,0.9636164019255238,0.9517209674662196,0.9476482576160344,0.0100204270798373
23,FFA,l,106,face,face_first,face_noncom,0.9426776011296952,0.9591582633453142,0.92667422258581,0.0242437096516947
23,EBA,l,107,dyad,com_ind,ind,0.976054785649116,0.9869652530829376,0.952728511028696,0.0287815083373309
23,EBA,l,107,face,face_first,face_noncom,0.9475735173044024,0.932262333062084,0.8434177416235489,0.0965001835596943
23,EVC,l,249,dyad,com_ind,ind,0.9828523158002404,0.9702820354563824,0.9864510929209972,-0.0098839172926856
23,EVC,l,249,face,face_first,face_noncom,0.9581944344916924,0.9859490163135268,0.9548906985962464,0.0171810268063632
23,MT,l,166,dyad,com_ind,ind,0.9772853256973176,0.9835533345743694,0.9526383650510116,0.027780965084832
23,MT,l,166,face,face_first,face_noncom,0.9713128688876996,0.9821888474001506,0.8761091220890195,0.1006417360549055
23,SI-STS,r,181,dyad,com_ind,ind,0.9420499220770584,0.8019235942569285,0.7456116066411715,0.126375151525822
23,SI-STS,r,181,face,face_first,face_noncom,0.8827874295844054,0.7561768393124892,0.6926536322998337,0.1268285021486136
23,TPJ,r,285,dyad,com_ind,ind,0.9414442664053836,0.931253374762528,0.8988515292365706,0.0374972913473852
23,TPJ,r,285,face,face_first,face_noncom,0.9591243961853384,0.8887005879948932,0.9274962642075388,-0.0035837721174228
23,fSTS,r,91,dyad,com_ind,ind,0.9538845927920716,0.9416132579196024,0.7679126502440323,0.1798362751118047
23,fSTS,r,91,face,face_first,face_noncom,0.9881981713967462,0.9344476365759332,0.7917247557194654,0.1695981482668743
23,FFA,r,107,dyad,com_ind,ind,0.9599845581572466,0.980152250605457,0.9774065294929636,-0.0073381251116119
23,FFA,r,107,face,face_first,face_noncom,0.962163483308378,0.9248344084268646,0.9194111895665243,0.0240877563010968
23,EBA,r,137,dyad,com_ind,ind,0.977017737707786,0.8797806506995378,0.9432576339577624,-0.0148584397541006
23,EBA,r,137,face,face_first,face_noncom,0.9782229557969546,0.961463534016098,0.906939344190546,0.0629039007159802
23,EVC,r,263,dyad,com_ind,ind,0.979016527051258,0.9831058181188512,0.981724447574348,-0.0006632749892934
23,EVC,r,263,face,face_first,face_noncom,0.979236156467383,0.9818945921182132,0.958145551834818,0.0224198224579803
23,MT,r,165,dyad,com_ind,ind,0.9785166424806632,0.9875300110168344,0.9680633326819464,0.0149599940668023
23,MT,r,165,face,face_first,face_noncom,0.9734256823554984,0.9847164285061376,0.9300711511917268,0.0489999042390912
