subject,roi,hemi,n_voxels,r_w1_com_ind_face_first,r_w2_ind_face_noncom,r_b1_com_ind_face_noncom,r_b2_face_first_ind,decoding_index
1,SI-STS,l,220,-0.4440576517329287,-0.27717764934625,-0.2819653355931978,-0.3766698125674906,-0.0313000764592451
1,TPJ,l,313,-0.0215025271165055,-0.2137420539775104,-0.0375133096810498,-0.1957842238157181,-0.0009735237986239
1,fSTS,l,23,0.0639316589317983,0.2142314612282924,0.1348254390298844,-0.0340430590960578,0.0886903701131321
1,FFA,l,106,0.0149312501547635,-0.1504195212868915,-0.0318737499171896,-0.0918614966179402,-0.005876512298499
1,EBA,l,111,0.2462340304674215,-0.179454142055885,-0.0159082270597187,0.1778331626920152,-0.0475725236103799
1,EVC,l,249,-0.0545617420346385,-0.0133952742442708,0.0857163722019288,-0.1483450342879926,-0.0026641770964228
1,MT,l,166,0.272138249024403,0.0747312736063637,0.0867204416667539,0.2626653123161653,-0.0012581156760762
1,SI-STS,r,179,-0.0094916061262828,0.0137813441175715,0.1289943816057331,0.1765214549989395,-0.150613049306692
1,TPJ,r,322,-0.0819871623462067,-0.2326850757814835,-0.0827114570571428,-0.2351136109025718,0.0015764149160122
1,fSTS,r,80,-0.5759619742794366,-0.2633958321618868,-0.2933114588286641,-0.3609778810701089,-0.0925342332712752
1,FFA,r,107,-0.052023929653685,0.158931974496053,0.0630947052608746,0.0627192650426388,-0.0094529627305726
1,EBA,r,118,0.0572956730730982,0.0025236396397579,0.0398216100313194,0.2138212427163802,-0.0969117700174217
1,EVC,r,263,-0.3794513548497837,-0.3248708780323299,-0.3295427767832451,-0.3682592000822463,-0.0032601280083111
1,MT,r,165,-0.0416791905817081,-0.1305336118364074,-0.1501925024163976,-0.0511605384353498,0.0145701192168159
3,SI-STS,l,205,0.7601914649677375,0.5326530676605459,0.4831568514484879,0.5580768926784512,0.1258053942506721
3,TPJ,l,313,0.6624825900352844,0.5261118285201175,0.592095276032293,0.5090145694371959,0.0437422865429565
3,fSTS,l,23,0.4526097179103359,0.7311958268855101,0.6862231346640966,0.0615325825828769,0.2180249137744362
3,FFA,l,106,0.667243185994537,0.5238088350636583,0.5336607223291566,0.5646315530300814,0.0463798728494785
3,EBA,l,105,0.7660539359986052,0.8312024912325902,0.8048480605553123,0.7705511973465795,0.0109285846646517
3,EVC,l,249,0.9486144398244672,0.9595353335414948,0.9653128516938908,0.9338976498523678,0.0044696359098515
3,MT,l,166,0.970177051747959,0.954136774296535,0.9589004174641096,0.9442993932334496,0.0105570076734673
3,SI-STS,r,162,0.7907791659863164,0.6538490081931513,0.4512885834996946,0.5866245363701625,0.2033575271548051
3,TPJ,r,322,0.8565674164104838,0.6756009745993862,0.4466327892904265,0.7945962958097692,0.1454696529548371
3,fSTS,r,85,0.9715985111969644,0.9468586594851798,0.8778863424385421,0.925966811022678,0.057302008610462
3,FFA,r,107,0.8764313895950226,0.814445482899095,0.8624151301936045,0.7823442264978302,0.0230587579013414
3,EBA,r,115,0.919643749174688,0.8982183625503677,0.8824669566441248,0.9022728788565926,0.0165611381121691
3,EVC,r,263,0.88285249885822,0.8118869025565658,0.8401929229296075,0.8427826816027948,0.0058818984411918
3,MT,r,165,0.9342788283740516,0.958739112748189,0.9802989825589936,0.8917045517255764,0.0105072034188353
5,SI-STS,l,184,0.8796292287183402,0.8591630264427437,0.8390790521902421,0.8402650482636408,0.0297240773536004
5,TPJ,l,297,0.558438831327084,0.4245615293184384,0.4846606861252236,0.505134860351982,-0.0033975929158415
5,fSTS,l,23,0.9517788871870488,0.91040026434949,0.8873501213619481,0.9260789670905428,0.0243750315420239
5,FFA,l,106,0.8434161401900484,0.7919948202162284,0.8344941560425148,0.7895867715325473,0.0056650164156073
5,EBA,l,114,0.1057226404393415,0.7171484903655081,0.7830954149127825,-0.1121484368276819,0.0759620763598745
5,EVC,l,249,0.9310946231679236,0.924729887872652,0.9397921796473008,0.8994065614895648,0.0083128849518551
5,MT,l,164,0.5142648912393876,0.6656997818729146,0.6798826775084923,0.589363862839885,-0.0446409336180375
5,SI-STS,r,172,0.6137424449218944,0.5411899387989123,0.4707209423814793,0.5555063041483292,0.0643525685954991
5,TPJ,r,305,0.5443662941485665,0.3681239163109663,0.3656249108044336,0.361609115993417,0.092628091830841
5,fSTS,r,91,0.9024907834592646,0.8980970579365009,0.9483228162909936,0.769168719787763,0.0415481526585044
5,FFA,r,107,0.6444293485723929,0.503879532928845,0.5499435016868888,0.5886579448677207,0.0048537174733142
5,EBA,r,152,0.2850440145819161,0.3734111209815978,0.5125673815709202,0.2176143565634835,-0.0358633012854448
5,EVC,r,263,0.910578313189272,0.8577684801220626,0.848634491471085,0.9157401312317504,0.0019860853042495
5,MT,r,165,0.7780625997119939,0.7163781075066751,0.8486309864035522,0.6611196954356158,-0.0076549873102494
8,SI-STS,l,216,0.7887152450188134,0.6377951476364285,0.7286285558602135,0.4876925396019115,0.1050946485965585
8,TPJ,l,313,0.758974300323576,0.8387542134105107,0.8331708666322308,0.8069318694367826,-0.0211871111674633
8,fSTS,l,23,0.715573050873661,0.5437129336742255,0.6915755207316618,0.4843827887309466,0.041663837542639
8,FFA,l,106,0.6819291085091792,0.8817094065040645,0.8651699210508692,0.6964800089492587,0.0009942925065579
8,EBA,l,114,0.8295632983575633,0.883492366293712,0.8358455922656662,0.8424502898853717,0.0173798912501185
8,EVC,l,249,0.948292624073863,0.9388915816290784,0.933088209905395,0.9193470123633766,0.0173744917170848
8,MT,l,165,0.9024794634184224,0.956006071425774,0.954525939695021,0.8999830497148947,0.0019882727171403
8,SI-STS,r,143,0.7060443686670675,0.8291510021362523,0.8746109602158567,0.6226836211931421,0.0189503946971605
8,TPJ,r,322,0.7480202604777069,0.8742444902792228,0.7793003821004086,0.8972131347883054,-0.0271243830658922
8,fSTS,r,91,0.9143206426542916,0.8402119628709631,0.8570491599075825,0.8026778119717457,0.0474028168229633
8,FFA,r,107,0.8421928206817904,0.9214736369600456,0.8816229063112637,0.8768829581599465,0.0025802965853128
8,EBA,r,136,0.4632825571845645,0.81111692932936,0.8292222802868194,0.4230012339840694,0.0110879861215178
8,EVC,r,263,0.9243668844227176,0.8994108802239347,0.8901621562220872,0.8816022808109494,0.0260066638068079
8,MT,r,165,0.9355414485293748,0.9482192579943132,0.9446030841595776,0.922427468027088,0.0083650771685112
11,SI-STS,l,203,0.7399203820104093,0.8790670012764723,0.8709000599871421,0.7382238425929217,0.0049317403534088
11,TPJ,l,288,0.7852557007810452,0.8117060004350198,0.8415248823878777,0.6784912680932833,0.038472775367452
11,fSTS,l,16,0.8623873169726538,0.7173882354460175,0.5997220248630917,0.3456450855662659,0.3172042209946569
11,FFA,l,106,0.758509685370282,0.8482994165745438,0.7661025824490357,0.8015036081840325,0.0196014556558786
11,EBA,l,93,0.7798001908899792,0.9215194008820636,0.9366763492245396,0.7504621096580968,0.0070905664447032
11,EVC,l,249,0.922818305433686,0.8967495737085228,0.9331115334539448,0.8866260115844222,-8.483294807909436e-05
11,MT,l,166,0.7297832222082482,0.8423206663769556,0.8292281519593496,0.7504948331583645,-0.0038095482662551
11,SI-STS,r,191,0.9170403721536894,0.9115132964453344,0.9577275619689856,0.8208582843703377,0.0249839111298501
11,TPJ,r,309,0.9258854648831056,0.8659686893729419,0.89062202075326,0.8812597641156337,0.0099861846935769
11,fSTS,r,80,0.9691350251280696,0.984124359247918,0.9776659525456451,0.9536503930380876,0.0109715193961274
11,FFA,r,107,0.8592971406669119,0.6551630900670902,0.78782042772195,0.7208945541256007,0.0028726244432256
11,EBA,r,111,0.6637750792074155,0.8654955858771076,0.895240444731629,0.6365489803987805,-0.0012593800229431
11,EVC,r,263,0.8943765573728581,0.8537562161237553,0.8687744468241183,0.8805350895844766,-0.0005883814559907
11,MT,r,165,0.7128212340489413,0.7527112976146362,0.7440084154789857,0.736618968464916,-0.0075474261401621
13,SI-STS,l,169,0.6338936367043733,0.1912938864094777,0.2563706292612335,0.4376975039770264,0.0655596949377955
13,TPJ,l,313,0.3349369308509103,0.2505053421835767,0.372137271329747,0.1774777500163425,0.0179136258441987
13,fSTS,l,23,0.6113783154245025,0.3679896218128501,0.4096659045422407,0.5573319887323396,0.0061850219813862
13,FFA,l,106,0.8107891212320582,0.6753080380884395,0.708413788336289,0.8111129822846737,-0.0167148056502324
13,EBA,l,103,0.8255312245329726,0.7771248078918259,0.904628119117156,0.6120953708783626,0.0429662712146399
13,EVC,l,249,0.8151620457593244,0.8825523103136055,0.8360184899664642,0.8325382194508906,0.0145788233277874
13,MT,l,165,0.8523844559391582,0.8864640811704028,0.9211246806280374,0.8678594272183493,-0.0250677853684128
13,SI-STS,r,165,0.3064716080228875,0.4377608009543046,0.4839918308264935,-0.0397383830893169,0.1499894806200077
13,TPJ,r,308,0.7323118870348657,0.6957092988957971,0.7746452872471028,0.3832780931531762,0.1350489027651919
13,fSTS,r,91,0.8256776330889027,0.644005516236943,0.7697819990090837,0.4961014677855597,0.1018998412656011
13,FFA,r,107,0.9099335067048993,0.9057340719207874,0.914649222046815,0.9373644322032244,-0.0181730378121763
13,EBA,r,125,0.8376791806113197,0.4590795144979278,0.7110402529866212,0.6648808975385458,-0.0395812277079597
13,EVC,r,263,0.9374834557059294,0.896130389206133,0.9225361714778147,0.917768855446072,-0.0033455910059121
13,MT,r,165,0.7624407301004709,0.7384386651249513,0.81912914001584,0.6901075891794053,-0.0041786669849116
16,SI-STS,l,112,0.3853074815589398,0.2351488919007004,0.4609198662766462,0.1470380740048397,0.0062492165890771
16,TPJ,l,299,0.3633414587958486,0.1807373169377664,0.1380028489359381,0.3020939114092737,0.0519910076942016
16,fSTS,l,23,0.0624654560529278,-0.2006114334273291,0.1271480352753015,-0.3981290368244309,0.0664175120873641
16,FFA,l,106,0.8093084874159217,0.897689952896156,0.8649000310832335,0.7716879285538228,0.0352052403375106
16,EBA,l,97,0.6318988787123425,0.1531134725629135,0.5512906163739801,0.2990769114532272,-0.0326775882759756
16,EVC,l,249,0.969487321843872,0.9503743983847668,0.9649619078467968,0.9404301273828104,0.0072348424995157
16,MT,l,166,0.833056248785738,0.9081719141799336,0.9019464174912084,0.8736571168466614,-0.017187685686099
16,SI-STS,r,151,0.5697050419928468,0.8901145928914306,0.851194326783228,0.7065974738060512,-0.0489860828525009
16,TPJ,r,297,0.7588433122569771,0.8098441807908396,0.8453766724629175,0.7443491448762543,-0.0105191621456774
16,fSTS,r,86,0.847294819173043,0.8851234364796838,0.9263755785479344,0.7855713573230573,0.0102356598908674
16,FFA,r,107,0.8505510792001323,0.8770277888086631,0.9134510972075204,0.8227259358934752,-0.0042990825461
16,EBA,r,138,0.6684884089077153,0.4880916562170656,0.6471677480973068,0.5798477488951402,-0.0352177159338329
16,EVC,r,263,0.9026648253375472,0.7903532302199344,0.802609117522636,0.8534457456078965,0.0184815962134745
16,MT,r,165,0.8208499796529234,0.8499152939386099,0.914516584916392,0.6946252330883309,0.0308117277934051
20,SI-STS,l,218,0.7981426697832732,0.4117259219664966,0.4991899536624397,0.3013500188076212,0.2046643096398544
20,fSTS,l,18,0.7391590640489913,0.5301780424905711,0.4058021426645504,0.6578560390280269,0.1028394624234925
20,FFA,l,106,0.7646612819679022,0.7871953081926624,0.756738634730046,0.7887016045107897,0.0032081754598644
20,EBA,l,107,0.8148346327057336,0.8191942897482858,0.8424190055218718,0.8183887592619964,-0.0133894211649243
20,EVC,l,249,0.9708776733188608,0.9616802623347528,0.95518535217826,0.9669665402947998,0.0052030215902769
20,MT,l,166,0.7471030894770269,0.7194156778272704,0.7400586567579222,0.7325976676617465,-0.0030687785576857
20,SI-STS,r,190,0.2389147528852761,0.210200895939173,-0.3289423800123403,0.1806788185791455,0.2986896051288219
20,fSTS,r,79,0.7386255425488097,0.6397576576663011,0.6858227125092154,0.5960090341094839,0.0482757267982057
20,FFA,r,107,0.7070309613357817,0.7469996950638766,0.743537269538513,0.5904157704702765,0.0600388081954344
20,EBA,r,142,0.6888613431011437,0.7397582886088352,0.8591591539280745,0.511006696055933,0.0292268908629856
20,EVC,r,263,0.9356394909460232,0.8642578135836247,0.8951953008928122,0.8968778609179169,0.0039120713594593
20,MT,r,165,0.84592321551088,0.8538223213174483,0.8870622926412253,0.8063689803870384,0.0031571319000323
23,SI-STS,l,218,0.838709323333703,0.5917667899726413,0.7677468014601114,0.370714558111395,0.1460073768674189
23,TPJ,l,254,0.4328810732945646,0.2388312306595616,0.4637399312976374,0.2807118497481277,-0.0363697385458194
23,fSTS,l,23,0.8891033234555256,0.3450209681545635,0.5156051560388735,0.6180658974100186,0.0502266190805984
23,FFA,l,106,0.8995785147452161,0.8906907535299894,0.9054454942213104,0.8839239689275609,0.000449902563167
23,EBA,l,107,0.8657352928112529,0.5817704065541438,0.7474748439707057,0.718369547936837,-0.009169346271073
23,EVC,l,249,0.9416010850262077,0.9689140333515092,0.9591514702597488,0.9281591187899436,0.0116022646640121
23,MT,l,166,0.8455043557283731,0.9383427894887816,0.9670593143061524,0.8162318706425493,0.0002779801342265
23,SI-STS,r,181,0.7757048674718896,0.660860203018433,0.6865910535116866,0.4858855428099885,0.1320442370843237
23,TPJ,r,285,0.8404842688326956,0.8477113727046337,0.8534057727206905,0.7857478221193575,0.0245210233486407
23,fSTS,r,91,0.776882715371264,0.6957131792192184,0.9083060222414588,0.2946768707572719,0.1348065007958757
23,FFA,r,107,0.8871058677355563,0.9491414060780364,0.912330585529256,0.9282539031230246,-0.0021686074193438
23,EBA,r,137,0.8855030489552946,0.6562760919464374,0.7367595392106513,0.7712799074081368,0.0168698471414719
23,EVC,r,263,0.8925367721344686,0.8853337010943517,0.86720621351503,0.906629267953386,0.002017495880202
23,MT,r,165,0.8969426918377346,0.9329318317249304,0.9589420824022912,0.8466342278873915,0.0121491066364911
