hemi,roi,c1,c2,diff,t,dof,p
l,EBA,face-first,face-noncom,-0.2000733522470387,-2.7528449798667958,8,0.9875254941924998
l,EBA,face-third,face-noncom,-0.1153744119286043,-1.819477258403351,8,0.9468314241095959
l,EBA,com-ind,ind,0.23460409662320936,3.2371873170581815,8,0.005963896400304208
l,EBA,com-joint,joint,-0.09088777555716039,-1.1080683446427178,8,0.8499843191799894
l,EBA,joint,ind,0.4905471920824873,4.6487965516331,8,0.0008236272883117412
l,EBA,interact,noninteract,-0.0005391347820352851,-0.00791822618015509,8,0.5030619343157665
l,EBA,belief,photo,0.05964675213372657,1.9077142585545597,7,0.049043410294463956
l,EVC,face-first,face-noncom,0.07739457910853503,0.9191126494287116,8,0.192455582541468
l,EVC,face-third,face-noncom,0.01574301285333552,0.18346316508005087,8,0.429499620512229
l,EVC,com-ind,ind,0.30172980506425223,5.277712314421583,8,0.00037413757388592286
l,EVC,com-joint,joint,0.09785987633803132,1.0209276955171467,8,0.1685832131834045
l,EVC,joint,ind,0.13808968596662946,1.6724754413286853,8,0.066485226422332
l,EVC,interact,noninteract,-0.336213119021933,-4.6130597298193114,8,0.9991371210028337
l,EVC,belief,photo,-0.003565691366916063,-0.09023885561664326,7,0.5346873962416039
l,FFA,face-first,face-noncom,0.15518261207108483,2.1155411205787606,8,0.033645279834295154
l,FFA,face-third,face-noncom,0.0663454221962071,1.1240952505285584,8,0.14678410927447386
l,FFA,com-ind,ind,0.132783951345225,2.883361343864958,8,0.010202990320102892
l,FFA,com-joint,joint,0.07809566443134214,1.633142671221781,8,0.0705407999958594
l,FFA,joint,ind,0.09376662189498357,2.0016502258869333,8,0.04015532484016058
l,FFA,interact,noninteract,-0.030253005021744758,-0.7747104243398729,8,0.7696037605504304
l,FFA,belief,photo,0.03744069350196117,1.5029261620622876,7,0.08828047792762117
l,MT,face-first,face-noncom,-0.34406175292701163,-2.396608565914083,8,0.9782970755844745
l,MT,face-third,face-noncom,-0.23676072224616934,-1.841336046365664,8,0.9485827671579145
l,MT,com-ind,ind,0.42940815706457475,5.442627378090603,8,0.00030702787042677024
l,MT,com-joint,joint,-0.06838221942522821,-0.7102800540850195,8,0.7511450574229495
l,MT,joint,ind,0.8058156565953664,5.817517999148376,8,0.00019858016430868616
l,MT,interact,noninteract,-0.23583470578313215,-3.038844265918351,8,0.9919542321069487
l,MT,belief,photo,-0.02345065623971006,-0.8511084159488703,7,0.7885673109559523
l,SI-STS,face-first,face-noncom,0.16250586322573188,3.0473072499303493,8,0.007942945862210091
l,SI-STS,face-third,face-noncom,0.1397988111906293,2.2657766789330998,8,0.026620104809352698
l,SI-STS,com-ind,ind,0.21814595971041356,2.5638691222747236,8,0.016722515050547986
l,SI-STS,com-joint,joint,0.15134039670651808,1.6704086194153758,8,0.0666928665579798
l,SI-STS,joint,ind,0.039184330340050734,0.9240726488857023,8,0.19123754059325454
l,SI-STS,interact,noninteract,0.14846047432733872,2.3528625734770134,8,0.02323656325566459
l,SI-STS,belief,photo,0.17105781229945446,4.733399090434501,7,0.001062064077150437
l,TPJ,face-first,face-noncom,0.020307355804671426,0.3140728569456997,7,0.381309429502212
l,TPJ,face-third,face-noncom,-0.04004599747404697,-0.9325480733053917,7,0.8089535670260779
l,TPJ,com-ind,ind,0.17376694184355274,2.0492349607966824,7,0.03981012404567898
l,TPJ,com-joint,joint,-0.05733003246219454,-0.8826392145757409,7,0.7966404293044018
l,TPJ,joint,ind,0.030737770048303543,0.3859329506999631,7,0.3555038389490785
l,TPJ,interact,noninteract,0.07655019346078346,1.5863840645517815,7,0.07833646667904229
l,TPJ,belief,photo,0.42520446463138306,7.87230495619484,7,5.049872892359378e-05
l,fSTS,face-first,face-noncom,0.25985761186347023,4.427466919609823,8,0.00110221824419104
l,fSTS,face-third,face-noncom,0.25053823543711895,2.9609452846183015,8,0.009060012232799985
l,fSTS,com-ind,ind,0.15902259851073952,2.370731924052975,8,0.02259737803039571
l,fSTS,com-joint,joint,0.2172676238409067,2.401888428696045,8,0.02152483783141642
l,fSTS,joint,ind,-0.01777861037632523,-0.5468364634309775,8,0.7002960155737958
l,fSTS,interact,noninteract,0.11839468107070045,1.5447007615668198,8,0.08049934209378955
l,fSTS,belief,photo,0.13628883398542468,2.4581288349573716,7,0.021792352199832648
r,EBA,face-first,face-noncom,-0.20991318553463512,-3.4508085973175917,8,0.9956577723381169
r,EBA,face-third,face-noncom,-0.0860801206073004,-1.4524468800932258,8,0.9077783912461818
r,EBA,com-ind,ind,0.22249215198121805,4.104600502152624,8,0.0017079966184707052
r,EBA,com-joint,joint,0.09190189045303863,1.2937394512989986,8,0.1159276395929626
r,EBA,joint,ind,0.39572848230424157,7.030015253139321,8,5.465966236037573e-05
r,EBA,interact,noninteract,0.07156607691711238,1.378158440464161,8,0.10273408707911141
r,EBA,belief,photo,0.07358078939823412,1.8788449444530353,7,0.05116970897721926
r,EVC,face-first,face-noncom,0.10280288693652549,1.2222617047335798,8,0.12819784033114076
r,EVC,face-third,face-noncom,0.07461145573446555,0.8379338385649854,8,0.2131959670380144
r,EVC,com-ind,ind,0.193394401475959,3.158642208482225,8,0.006711205770814826
r,EVC,com-joint,joint,0.06652289016270507,0.6920273018361892,8,0.25425187999304144
r,EVC,joint,ind,0.013700344698808604,0.11075359489080006,8,0.4572699473054238
r,EVC,interact,noninteract,-0.2192639977692139,-4.390023442361088,8,0.9988412628840585
r,EVC,belief,photo,0.027762128349744314,1.0693789652576198,7,0.1601908395201993
r,FFA,face-first,face-noncom,0.10230116059254112,1.8117870702748917,8,0.053798032496034306
r,FFA,face-third,face-noncom,0.04437199389133887,0.7023938769501055,8,0.25117772828092844
r,FFA,com-ind,ind,0.1743888148724011,4.239784936309988,8,0.0014191514076181268
r,FFA,com-joint,joint,0.10318377283191302,1.6349436186442428,8,0.07035024449908119
r,FFA,joint,ind,0.07250301055553426,1.068880543673781,8,0.1581558160645002
r,FFA,interact,noninteract,-0.023256115699239396,-0.4732982717057633,8,0.6756769736382675
r,FFA,belief,photo,0.0561845908418897,3.0373980899958677,7,0.009458089824943396
r,MT,face-first,face-noncom,-0.27723475412058096,-3.1665418541549797,8,0.9933682172438871
r,MT,face-third,face-noncom,-0.1488444098654451,-1.8705323150091102,8,0.9508367422273888
r,MT,com-ind,ind,0.424093519683354,5.051341324799516,8,0.0004938033541236194
r,MT,com-joint,joint,0.041747829301034566,0.6104319928615527,8,0.27925705725326033
r,MT,joint,ind,0.7043622309481754,7.583403850378505,8,3.2019344651612764e-05
r,MT,interact,noninteract,-0.13108277308067995,-2.4589004466767377,8,0.9803068832516805
r,MT,belief,photo,-0.04119808697170882,-0.9789433636684803,7,0.8198895994832607
r,SI-STS,face-first,face-noncom,0.2945784980746419,3.17156389195016,8,0.0065818045068648445
r,SI-STS,face-third,face-noncom,0.2071246689516558,3.090923978224129,8,0.007434362890121046
r,SI-STS,com-ind,ind,0.2413072057970984,3.652858058747385,8,0.003233797488970338
r,SI-STS,com-joint,joint,0.1621989431012196,1.7642731170175086,8,0.0578456820666331
r,SI-STS,joint,ind,0.058355680950749625,0.71187721413326,8,0.2483861868399177
r,SI-STS,interact,noninteract,0.2952567010054496,3.13544631353396,8,0.006950234990470088
r,SI-STS,belief,photo,0.2958899020740954,4.795608618961537,7,0.0009881426069244129
r,TPJ,face-first,face-noncom,0.1233932473088789,1.6109302893013837,7,0.07561506691570687
r,TPJ,face-third,face-noncom,0.14492107356175682,3.4894915264240733,7,0.005067803148852228
r,TPJ,com-ind,ind,0.12223106938186999,1.4411439160191049,7,0.09636960364835072
r,TPJ,com-joint,joint,0.0845310707974864,0.772393541854711,7,0.23257775687946503
r,TPJ,joint,ind,-0.051958978531190365,-0.529488072783086,7,0.6935810840101013
r,TPJ,interact,noninteract,0.14141578974681052,1.8868530400653434,7,0.05057106527804823
r,TPJ,belief,photo,0.5708611523689177,9.00306031315329,7,2.1281392243675808e-05
r,fSTS,face-first,face-noncom,0.3148579664472923,5.766272500343217,8,0.00021053740635599378
r,fSTS,face-third,face-noncom,0.3141754068299507,5.1722108793540436,8,0.0004254146538695654
r,fSTS,com-ind,ind,0.23362667369183635,3.5960768900369895,8,0.0035111001516272946
r,fSTS,com-joint,joint,0.21651279608673915,3.8653807666769695,8,0.0023862167059054327
r,fSTS,joint,ind,0.06594771410424695,1.2419520258928793,8,0.124713967968051
r,fSTS,interact,noninteract,0.18294593136468487,4.256021874996464,8,0.0013881731338809358
r,fSTS,belief,photo,0.19967692961025368,3.7552278579296843,7,0.0035596142912630033
