hemi,roi,trial_type,run,response,subject_label
l,EBA,belief,0.5,-0.1703006802584202,sub-01
l,EBA,body,4.0,0.1770136722349549,sub-01
l,EBA,com_ind,4.0,0.1721166634898998,sub-01
l,EBA,com_phy,4.0,0.3103154420883048,sub-01
l,EBA,face_first,4.0,-0.1332099874658974,sub-01
l,EBA,face_noncom,4.0,0.1200817821348363,sub-01
l,EBA,face_third,4.0,-0.066701260801982,sub-01
l,EBA,ind,4.0,0.2420409809849831,sub-01
l,EBA,interact,1.5,0.1774765081441626,sub-01
l,EBA,noninteract,1.5,0.0718041498425223,sub-01
l,EBA,object,4.0,0.0706597434170371,sub-01
l,EBA,photo,0.5,-0.1630533023539821,sub-01
l,EBA,phy,4.0,0.2031156702890787,sub-01
l,EVC,belief,0.5,1.3928671420624037,sub-01
l,EVC,body,4.0,1.2618520288024044,sub-01
l,EVC,com_ind,4.0,1.4526945264800977,sub-01
l,EVC,com_phy,4.0,1.812975181507375,sub-01
l,EVC,face_first,4.0,1.1062436191494058,sub-01
l,EVC,face_noncom,4.0,1.318863342649591,sub-01
l,EVC,face_third,4.0,1.1266233352949957,sub-01
l,EVC,ind,4.0,1.4703394274092996,sub-01
l,EVC,interact,1.5,0.7176406934682092,sub-01
l,EVC,noninteract,1.5,0.7205446545869016,sub-01
l,EVC,object,4.0,1.713090297415715,sub-01
l,EVC,photo,0.5,1.392007422095754,sub-01
l,EVC,phy,4.0,1.416297658907409,sub-01
l,FFA,belief,0.5,0.9780241279655304,sub-01
l,FFA,body,4.0,0.0668285472880838,sub-01
l,FFA,com_ind,4.0,0.2895942721235344,sub-01
l,FFA,com_phy,4.0,0.4454544375406941,sub-01
l,FFA,face_first,4.0,0.5483164881173818,sub-01
l,FFA,face_noncom,4.0,0.3691028026994186,sub-01
l,FFA,face_third,4.0,0.4132484964050767,sub-01
l,FFA,ind,4.0,0.3505890326680927,sub-01
l,FFA,interact,1.5,0.0450424610923572,sub-01
l,FFA,noninteract,1.5,-0.0033374163427282,sub-01
l,FFA,object,4.0,0.3013231251419768,sub-01
l,FFA,photo,0.5,0.8753695042319618,sub-01
l,FFA,phy,4.0,0.2328782433448686,sub-01
l,MT,belief,0.5,1.528012702895758,sub-01
l,MT,body,4.0,1.1596640175888746,sub-01
l,MT,com_ind,4.0,0.994315963193944,sub-01
l,MT,com_phy,4.0,1.362321766999304,sub-01
l,MT,face_first,4.0,0.6617632765706278,sub-01
l,MT,face_noncom,4.0,1.0420933541535158,sub-01
l,MT,face_third,4.0,0.7284676941326249,sub-01
l,MT,ind,4.0,1.0207202224918197,sub-01
l,MT,interact,1.5,1.0999137551572795,sub-01
l,MT,noninteract,1.5,1.1417876293167135,sub-01
l,MT,object,4.0,1.0845293899539217,sub-01
l,MT,photo,0.5,1.5572170684848312,sub-01
l,MT,phy,4.0,1.242052828971981,sub-01
l,SI-STS,belief,0.5,0.0867719293122718,sub-01
l,SI-STS,body,1.5,-0.0113073852468625,sub-01
l,SI-STS,com_ind,1.5,-0.0166366599025109,sub-01
l,SI-STS,com_phy,1.5,0.1853644399806539,sub-01
l,SI-STS,face_first,1.5,0.2239826503223971,sub-01
l,SI-STS,face_noncom,1.5,0.1743507560424059,sub-01
l,SI-STS,face_third,1.5,0.1094900151095649,sub-01
l,SI-STS,ind,1.5,-0.0007969101189881,sub-01
l,SI-STS,interact,1.5,0.0740990901850223,sub-01
l,SI-STS,noninteract,1.5,0.0840011168806454,sub-01
l,SI-STS,object,1.5,0.3155775230371695,sub-01
l,SI-STS,photo,0.5,0.0073265103721386,sub-01
l,SI-STS,phy,1.5,0.0749057067836413,sub-01
l,TPJ,belief,0.5,0.2576948980591932,sub-01
l,TPJ,body,0.5,-0.6362464564947753,sub-01
l,TPJ,com_ind,0.5,0.4493153558139949,sub-01
l,TPJ,com_phy,0.5,-0.4517319069207992,sub-01
l,TPJ,face_first,0.5,-0.4500012398368338,sub-01
l,TPJ,face_noncom,0.5,-0.3424627120580555,sub-01
l,TPJ,face_third,0.5,-0.3685316282973678,sub-01
l,TPJ,ind,0.5,-0.0727283014939456,sub-01
l,TPJ,interact,0.5,0.0125841627587108,sub-01
l,TPJ,noninteract,0.5,-0.127437591653843,sub-01
l,TPJ,object,0.5,-0.256345166348501,sub-01
l,TPJ,photo,0.5,-0.388596971461856,sub-01
l,TPJ,phy,0.5,-0.2730814862379624,sub-01
l,fSTS,belief,0.5,0.160425757322719,sub-01
l,fSTS,body,4.0,-0.072539589986221,sub-01
l,fSTS,com_ind,4.0,-0.0801986012207796,sub-01
l,fSTS,com_phy,4.0,0.0041154566847044,sub-01
l,fSTS,face_first,4.0,0.0065626874959982,sub-01
l,fSTS,face_noncom,4.0,-0.0113481039119268,sub-01
l,fSTS,face_third,4.0,-0.0266587790921778,sub-01
l,fSTS,ind,4.0,0.0129935089295555,sub-01
l,fSTS,interact,1.5,0.2707543992995426,sub-01
l,fSTS,noninteract,1.5,0.2138350816008113,sub-01
l,fSTS,object,4.0,0.0379739683481404,sub-01
l,fSTS,photo,0.5,0.1945776537805668,sub-01
l,fSTS,phy,4.0,-0.001555746986583,sub-01
r,EBA,belief,0.5,-0.0456701060042822,sub-01
r,EBA,body,4.0,0.6296034537820615,sub-01
r,EBA,com_ind,4.0,0.6358828935938191,sub-01
r,EBA,com_phy,4.0,0.8810671695613025,sub-01
r,EBA,face_first,4.0,0.2778122643152222,sub-01
r,EBA,face_noncom,4.0,0.5414221752002807,sub-01
r,EBA,face_third,4.0,0.5145995957054064,sub-01
r,EBA,ind,4.0,0.6751591537428163,sub-01
r,EBA,interact,1.5,0.359799919687426,sub-01
r,EBA,noninteract,1.5,0.2790715290970379,sub-01
r,EBA,object,4.0,0.5140340217921378,sub-01
r,EBA,photo,0.5,-0.1726891906497653,sub-01
r,EBA,phy,4.0,0.7657918332791,sub-01
r,EVC,belief,0.5,1.7373749826580287,sub-01
r,EVC,body,4.0,0.934569121665862,sub-01
r,EVC,com_ind,4.0,1.1201214119839582,sub-01
r,EVC,com_phy,4.0,1.4771510990257324,sub-01
r,EVC,face_first,4.0,1.0034341152286348,sub-01
r,EVC,face_noncom,4.0,1.153877073843559,sub-01
r,EVC,face_third,4.0,1.0601348559883117,sub-01
r,EVC,ind,4.0,1.3311806423877768,sub-01
r,EVC,interact,1.5,0.433352925778342,sub-01
r,EVC,noninteract,1.5,0.5035078727514941,sub-01
r,EVC,object,4.0,1.1438657311754592,sub-01
r,EVC,photo,0.5,1.6185269887393576,sub-01
r,EVC,phy,4.0,1.1443629842295062,sub-01
r,FFA,belief,0.5,0.5376480182228262,sub-01
r,FFA,body,4.0,0.2422361318120764,sub-01
r,FFA,com_ind,4.0,0.8508325718985431,sub-01
r,FFA,com_phy,4.0,0.9503134490394404,sub-01
r,FFA,face_first,4.0,0.9706782319714456,sub-01
r,FFA,face_noncom,4.0,0.9037362811820112,sub-01
r,FFA,face_third,4.0,0.8489525858671624,sub-01
r,FFA,ind,4.0,0.9243349047448391,sub-01
r,FFA,interact,1.5,0.0539684032453184,sub-01
r,FFA,noninteract,1.5,-0.0044503306380714,sub-01
r,FFA,object,4.0,0.3941248988927854,sub-01
r,FFA,photo,0.5,0.4303307162661586,sub-01
r,FFA,phy,4.0,0.6714640029587599,sub-01
r,MT,belief,0.5,0.4108336662319798,sub-01
r,MT,body,4.0,1.7698908797342996,sub-01
r,MT,com_ind,4.0,1.320145998438402,sub-01
r,MT,com_phy,4.0,1.8136175288562664,sub-01
r,MT,face_first,4.0,1.0743953635246053,sub-01
r,MT,face_noncom,4.0,1.397600261838731,sub-01
r,MT,face_third,4.0,1.3124225888383632,sub-01
r,MT,ind,4.0,1.3651902141333403,sub-01
r,MT,interact,1.5,1.0666670148901345,sub-01
r,MT,noninteract,1.5,1.0763851794921415,sub-01
r,MT,object,4.0,1.5284506117839256,sub-01
r,MT,photo,0.5,0.3946993226462753,sub-01
r,MT,phy,4.0,1.712585063213678,sub-01
r,SI-STS,belief,0.5,0.0955686560532491,sub-01
r,SI-STS,body,1.5,-0.1479946807924862,sub-01
r,SI-STS,com_ind,1.5,0.2631054653099531,sub-01
r,SI-STS,com_phy,1.5,0.1439793724964759,sub-01
r,SI-STS,face_first,1.5,0.0464654408961084,sub-01
r,SI-STS,face_noncom,1.5,0.3407334453960907,sub-01
r,SI-STS,face_third,1.5,0.3258557734406931,sub-01
r,SI-STS,ind,1.5,0.2408196123256235,sub-01
r,SI-STS,interact,1.5,0.2271259527472147,sub-01
r,SI-STS,noninteract,1.5,0.0259924193721196,sub-01
r,SI-STS,object,1.5,0.0175608483287541,sub-01
r,SI-STS,photo,0.5,-0.2819953704248751,sub-01
r,SI-STS,phy,1.5,0.2801437133203184,sub-01
r,TPJ,belief,0.5,0.101178286361421,sub-01
r,TPJ,body,0.5,-0.5246051548940801,sub-01
r,TPJ,com_ind,0.5,0.4261243581458013,sub-01
r,TPJ,com_phy,0.5,-0.2193269715735672,sub-01
r,TPJ,face_first,0.5,-0.4467763248114311,sub-01
r,TPJ,face_noncom,0.5,-0.1610089955185377,sub-01
r,TPJ,face_third,0.5,-0.1159149064948584,sub-01
r,TPJ,ind,0.5,0.1806593228622374,sub-01
r,TPJ,interact,0.5,0.1679336777973605,sub-01
r,TPJ,noninteract,0.5,-0.0086839542636703,sub-01
r,TPJ,object,0.5,-0.1842672231298625,sub-01
r,TPJ,photo,0.5,-0.4741464440472064,sub-01
r,TPJ,phy,0.5,0.1325504155567848,sub-01
r,fSTS,belief,0.5,-0.093187531584018,sub-01
r,fSTS,body,4.0,-0.0250395431894052,sub-01
r,fSTS,com_ind,4.0,0.1675388753987098,sub-01
r,fSTS,com_phy,4.0,0.2244551041751923,sub-01
r,fSTS,face_first,4.0,0.1629970220004698,sub-01
r,fSTS,face_noncom,4.0,0.2204621573558431,sub-01
r,fSTS,face_third,4.0,0.2165335961146045,sub-01
r,fSTS,ind,4.0,0.1557927736337583,sub-01
r,fSTS,interact,1.5,0.1155341044300622,sub-01
r,fSTS,noninteract,1.5,-0.0862824439885585,sub-01
r,fSTS,object,4.0,-0.06355894468413,sub-01
r,fSTS,photo,0.5,-0.1878595735967986,sub-01
r,fSTS,phy,4.0,0.1251118668323299,sub-01
l,EBA,belief,0.5,-0.0845602623362514,sub-03
l,EBA,body,4.0,0.3976251410432641,sub-03
l,EBA,com_ind,4.0,1.0090792775131514,sub-03
l,EBA,com_phy,4.0,1.0828226563324514,sub-03
l,EBA,face_first,4.0,0.5480331682936532,sub-03
l,EBA,face_noncom,4.0,0.3105906146991569,sub-03
l,EBA,face_third,4.0,0.6281077911149955,sub-03
l,EBA,ind,4.0,0.4529108163503024,sub-03
l,EBA,interact,1.5,0.8562661238602395,sub-03
l,EBA,noninteract,1.5,0.8193179030013515,sub-03
l,EBA,object,4.0,0.2459999961166555,sub-03
l,EBA,photo,0.5,-0.1245301926145142,sub-03
l,EBA,phy,4.0,0.7291101338456453,sub-03
l,EVC,belief,0.5,0.6487357666408489,sub-03
l,EVC,body,4.0,1.9721871302990328,sub-03
l,EVC,com_ind,4.0,2.8686585028977967,sub-03
l,EVC,com_phy,4.0,2.656828770984108,sub-03
l,EVC,face_first,4.0,2.504823649265276,sub-03
l,EVC,face_noncom,4.0,2.004414106150323,sub-03
l,EVC,face_third,4.0,2.421316536819369,sub-03
l,EVC,ind,4.0,2.5943007470911223,sub-03
l,EVC,interact,1.5,1.0188034511968702,sub-03
l,EVC,noninteract,1.5,1.2098479874615138,sub-03
l,EVC,object,4.0,2.381039622109835,sub-03
l,EVC,photo,0.5,0.6222928360298807,sub-03
l,EVC,phy,4.0,2.262759681761405,sub-03
l,FFA,belief,0.5,0.7243250324690832,sub-03
l,FFA,body,4.0,0.1222681263050054,sub-03
l,FFA,com_ind,4.0,0.5943736524650058,sub-03
l,FFA,com_phy,4.0,0.5325188871238248,sub-03
l,FFA,face_first,4.0,0.6752154187937842,sub-03
l,FFA,face_noncom,4.0,0.1476231994016885,sub-03
l,FFA,face_third,4.0,0.5042039650279291,sub-03
l,FFA,ind,4.0,0.2975228773559218,sub-03
l,FFA,interact,1.5,0.3628008950193949,sub-03
l,FFA,noninteract,1.5,0.3718830296158063,sub-03
l,FFA,object,4.0,0.3503288615121183,sub-03
l,FFA,photo,0.5,0.7004882264456257,sub-03
l,FFA,phy,4.0,0.3140977127743008,sub-03
l,MT,belief,0.5,0.944710342335612,sub-03
l,MT,body,4.0,1.841346982425564,sub-03
l,MT,com_ind,4.0,2.180601655893775,sub-03
l,MT,com_phy,4.0,2.120041590358392,sub-03
l,MT,face_first,4.0,1.852111234001588,sub-03
l,MT,face_noncom,4.0,1.350445125812314,sub-03
l,MT,face_third,4.0,1.8381543629011,sub-03
l,MT,ind,4.0,1.6193076307231924,sub-03
l,MT,interact,1.5,1.758580704327356,sub-03
l,MT,noninteract,1.5,1.91217643949724,sub-03
l,MT,object,4.0,2.2471144978310256,sub-03
l,MT,photo,0.5,1.041778647056799,sub-03
l,MT,phy,4.0,2.055041977377368,sub-03
l,SI-STS,belief,0.5,0.3048753868288933,sub-03
l,SI-STS,body,1.5,-0.3764893520551612,sub-03
l,SI-STS,com_ind,1.5,0.5986719503076953,sub-03
l,SI-STS,com_phy,1.5,0.4284407508057116,sub-03
l,SI-STS,face_first,1.5,0.2136823385366343,sub-03
l,SI-STS,face_noncom,1.5,-0.3256751514464791,sub-03
l,SI-STS,face_third,1.5,0.072639245954329,sub-03
l,SI-STS,ind,1.5,-0.089390093979338,sub-03
l,SI-STS,interact,1.5,0.3014273524961617,sub-03
l,SI-STS,noninteract,1.5,0.2345579916495355,sub-03
l,SI-STS,object,1.5,-0.2764193922677401,sub-03
l,SI-STS,photo,0.5,0.2172621959206335,sub-03
l,SI-STS,phy,1.5,-0.2789230300413383,sub-03
l,TPJ,belief,0.5,0.7307382603180579,sub-03
l,TPJ,body,0.5,-0.6457694815668711,sub-03
l,TPJ,com_ind,0.5,-0.2944955236399446,sub-03
l,TPJ,com_phy,0.5,-0.24027772096009,sub-03
l,TPJ,face_first,0.5,-0.0552127446251964,sub-03
l,TPJ,face_noncom,0.5,-0.1531319778720481,sub-03
l,TPJ,face_third,0.5,-0.3272125437971697,sub-03
l,TPJ,ind,0.5,-0.2994041015227699,sub-03
l,TPJ,interact,0.5,0.2383810053624216,sub-03
l,TPJ,noninteract,0.5,0.2346306273268162,sub-03
l,TPJ,object,0.5,-0.5544801504216872,sub-03
l,TPJ,photo,0.5,0.290709445655005,sub-03
l,TPJ,phy,0.5,-0.09154284092542,sub-03
l,fSTS,belief,0.5,1.2534365317000853,sub-03
l,fSTS,body,4.0,-0.6361202005186894,sub-03
l,fSTS,com_ind,4.0,-0.0126957582581986,sub-03
l,fSTS,com_phy,4.0,-0.2346950392131525,sub-03
l,fSTS,face_first,4.0,0.0557883631660856,sub-03
l,fSTS,face_noncom,4.0,-0.3588957021693061,sub-03
l,fSTS,face_third,4.0,-0.1200351543452001,sub-03
l,fSTS,ind,4.0,-0.2642018726388966,sub-03
l,fSTS,interact,1.5,-0.0243977184469568,sub-03
l,fSTS,noninteract,1.5,-0.0025267751777946,sub-03
l,fSTS,object,4.0,-0.2924182405538255,sub-03
l,fSTS,photo,0.5,1.2248006603520438,sub-03
l,fSTS,phy,4.0,-0.4822209110636589,sub-03
r,EBA,belief,0.5,-0.0833558284621751,sub-03
r,EBA,body,4.0,1.3040925258690246,sub-03
r,EBA,com_ind,4.0,1.5524391652688725,sub-03
r,EBA,com_phy,4.0,1.8283634402454785,sub-03
r,EBA,face_first,4.0,0.906276082533242,sub-03
r,EBA,face_noncom,4.0,0.8435348281625852,sub-03
r,EBA,face_third,4.0,1.032265276585344,sub-03
r,EBA,ind,4.0,1.150918182484909,sub-03
r,EBA,interact,1.5,1.5228618232184572,sub-03
r,EBA,noninteract,1.5,1.261120722664723,sub-03
r,EBA,object,4.0,0.5463526985263234,sub-03
r,EBA,photo,0.5,-0.1315692215750269,sub-03
r,EBA,phy,4.0,1.4617392597139132,sub-03
r,EVC,belief,0.5,0.4697884178549238,sub-03
r,EVC,body,4.0,1.846055423544035,sub-03
r,EVC,com_ind,4.0,3.353123708044345,sub-03
r,EVC,com_phy,4.0,2.881301881231916,sub-03
r,EVC,face_first,4.0,2.467533904687365,sub-03
r,EVC,face_noncom,4.0,1.9692273836735352,sub-03
r,EVC,face_third,4.0,2.429397881421548,sub-03
r,EVC,ind,4.0,3.0021313537600576,sub-03
r,EVC,interact,1.5,0.836247516937015,sub-03
r,EVC,noninteract,1.5,1.0197624711233708,sub-03
r,EVC,object,4.0,2.4552968809397893,sub-03
r,EVC,photo,0.5,0.4449142674220052,sub-03
r,EVC,phy,4.0,2.398567496380521,sub-03
r,FFA,belief,0.5,0.4239959866196268,sub-03
r,FFA,body,4.0,0.5679138750999848,sub-03
r,FFA,com_ind,4.0,1.3966715661996476,sub-03
r,FFA,com_phy,4.0,1.2662724455524734,sub-03
r,FFA,face_first,4.0,1.196569952063666,sub-03
r,FFA,face_noncom,4.0,0.8058480690330521,sub-03
r,FFA,face_third,4.0,1.117512412300461,sub-03
r,FFA,ind,4.0,1.098375334027356,sub-03
r,FFA,interact,1.5,0.7666235347370944,sub-03
r,FFA,noninteract,1.5,0.6948288219553356,sub-03
r,FFA,object,4.0,0.2535245854983144,sub-03
r,FFA,photo,0.5,0.3170840364087931,sub-03
r,FFA,phy,4.0,1.027247802550172,sub-03
r,MT,belief,0.5,0.4551793194643709,sub-03
r,MT,body,4.0,2.6786270671280983,sub-03
r,MT,com_ind,4.0,3.111288529186345,sub-03
r,MT,com_phy,4.0,3.0201573132678767,sub-03
r,MT,face_first,4.0,2.3446664039285805,sub-03
r,MT,face_noncom,4.0,2.134062619737461,sub-03
r,MT,face_third,4.0,2.30339072596516,sub-03
r,MT,ind,4.0,2.2557186665763544,sub-03
r,MT,interact,1.5,2.4191212882804822,sub-03
r,MT,noninteract,1.5,2.457114839787601,sub-03
r,MT,object,4.0,2.756164536370957,sub-03
r,MT,photo,0.5,0.478324017748483,sub-03
r,MT,phy,4.0,2.681841538386305,sub-03
r,SI-STS,belief,0.5,0.2447862250243999,sub-03
r,SI-STS,body,1.5,-0.1574556949890496,sub-03
r,SI-STS,com_ind,1.5,0.5724687806446129,sub-03
r,SI-STS,com_phy,1.5,0.4744851188138399,sub-03
r,SI-STS,face_first,1.5,0.2666784593698932,sub-03
r,SI-STS,face_noncom,1.5,-0.1772212524612919,sub-03
r,SI-STS,face_third,1.5,0.1713323929470805,sub-03
r,SI-STS,ind,1.5,0.0537834272052941,sub-03
r,SI-STS,interact,1.5,0.4005882539413481,sub-03
r,SI-STS,noninteract,1.5,0.1996049522639646,sub-03
r,SI-STS,object,1.5,-0.2092299903035876,sub-03
r,SI-STS,photo,0.5,0.0131324803736208,sub-03
r,SI-STS,phy,1.5,-0.2600693639884293,sub-03
r,TPJ,belief,0.5,0.805982199981035,sub-03
r,TPJ,body,0.5,-0.6270043564220511,sub-03
r,TPJ,com_ind,0.5,0.0139088517230914,sub-03
r,TPJ,com_phy,0.5,0.1006967399219655,sub-03
r,TPJ,face_first,0.5,-0.0137648639790068,sub-03
r,TPJ,face_noncom,0.5,-0.3626921035684892,sub-03
r,TPJ,face_third,0.5,-0.038155548004163,sub-03
r,TPJ,ind,0.5,-0.3555929543437736,sub-03
r,TPJ,interact,0.5,0.3120636486796252,sub-03
r,TPJ,noninteract,0.5,0.0976213799180162,sub-03
r,TPJ,object,0.5,-0.4763212040985684,sub-03
r,TPJ,photo,0.5,-0.1178625940722616,sub-03
r,TPJ,phy,0.5,-0.2506584125969985,sub-03
r,fSTS,belief,0.5,0.2446515568667071,sub-03
r,fSTS,body,4.0,0.0765178009090926,sub-03
r,fSTS,com_ind,4.0,0.5760420157400804,sub-03
r,fSTS,com_phy,4.0,0.6075188100645066,sub-03
r,fSTS,face_first,4.0,0.4751198610674419,sub-03
r,fSTS,face_noncom,4.0,0.1154319426451435,sub-03
r,fSTS,face_third,4.0,0.368544779057032,sub-03
r,fSTS,ind,4.0,0.3308192931651905,sub-03
r,fSTS,interact,1.5,0.5002082989074403,sub-03
r,fSTS,noninteract,1.5,0.3503998373698645,sub-03
r,fSTS,object,4.0,-0.0325955768791317,sub-03
r,fSTS,photo,0.5,0.0009695340075317,sub-03
r,fSTS,phy,4.0,0.2397129265718829,sub-03
l,EBA,belief,0.5,0.1739802658565025,sub-05
l,EBA,body,4.0,1.0070762862423388,sub-05
l,EBA,com_ind,4.0,0.6159146707226193,sub-05
l,EBA,com_phy,4.0,0.8523656234746689,sub-05
l,EBA,face_first,4.0,-0.0454350848703606,sub-05
l,EBA,face_noncom,4.0,0.4167082623891042,sub-05
l,EBA,face_third,4.0,0.2095220047682832,sub-05
l,EBA,ind,4.0,0.5458974623943865,sub-05
l,EBA,interact,1.5,0.7089832489131678,sub-05
l,EBA,noninteract,1.5,0.4987768647371693,sub-05
l,EBA,object,4.0,0.236615915713524,sub-05
l,EBA,photo,0.5,0.1094870170963148,sub-05
l,EBA,phy,4.0,1.06925743020403,sub-05
l,EVC,belief,0.5,1.3397797106267837,sub-05
l,EVC,body,4.0,2.2579907351134305,sub-05
l,EVC,com_ind,4.0,3.236336406832791,sub-05
l,EVC,com_phy,4.0,3.4428902895093163,sub-05
l,EVC,face_first,4.0,2.481908331414896,sub-05
l,EVC,face_noncom,4.0,2.622712091382791,sub-05
l,EVC,face_third,4.0,2.8442288802746685,sub-05
l,EVC,ind,4.0,2.7936540755764687,sub-05
l,EVC,interact,1.5,1.7554397619518054,sub-05
l,EVC,noninteract,1.5,2.2755961209096074,sub-05
l,EVC,object,4.0,2.8485383090705203,sub-05
l,EVC,photo,0.5,1.1495429542718556,sub-05
l,EVC,phy,4.0,3.0143083877552885,sub-05
l,FFA,belief,0.5,0.5469253262260345,sub-05
l,FFA,body,4.0,0.6345998161834421,sub-05
l,FFA,com_ind,4.0,0.8802314601024137,sub-05
l,FFA,com_phy,4.0,1.0885125347421707,sub-05
l,FFA,face_first,4.0,0.7459017132792672,sub-05
l,FFA,face_noncom,4.0,0.7598552613131173,sub-05
l,FFA,face_third,4.0,0.9491706792930912,sub-05
l,FFA,ind,4.0,0.7450577556163507,sub-05
l,FFA,interact,1.5,0.5464249766114946,sub-05
l,FFA,noninteract,1.5,0.4650633377939613,sub-05
l,FFA,object,4.0,0.5279429549428998,sub-05
l,FFA,photo,0.5,0.5126274818494738,sub-05
l,FFA,phy,4.0,0.895517573970701,sub-05
l,MT,belief,0.5,1.3169196689579112,sub-05
l,MT,body,4.0,2.476437368165288,sub-05
l,MT,com_ind,4.0,2.2311948947132523,sub-05
l,MT,com_phy,4.0,2.8739748167579102,sub-05
l,MT,face_first,4.0,1.2657963138815704,sub-05
l,MT,face_noncom,4.0,1.7490530993849576,sub-05
l,MT,face_third,4.0,1.6922856801582509,sub-05
l,MT,ind,4.0,1.697036778854658,sub-05
l,MT,interact,1.5,2.045406973087714,sub-05
l,MT,noninteract,1.5,2.0899307519363144,sub-05
l,MT,object,4.0,2.250305474741523,sub-05
l,MT,photo,0.5,1.2882406182595267,sub-05
l,MT,phy,4.0,2.53730792116391,sub-05
l,SI-STS,belief,0.5,0.7087508230190052,sub-05
l,SI-STS,body,1.5,0.3985936200429782,sub-05
l,SI-STS,com_ind,1.5,0.718722199119474,sub-05
l,SI-STS,com_phy,1.5,0.7508650318146708,sub-05
l,SI-STS,face_first,1.5,0.2794404295513543,sub-05
l,SI-STS,face_noncom,1.5,0.178143689438628,sub-05
l,SI-STS,face_third,1.5,0.564265760188066,sub-05
l,SI-STS,ind,1.5,0.2910198721331399,sub-05
l,SI-STS,interact,1.5,0.7808642610189112,sub-05
l,SI-STS,noninteract,1.5,0.3383486893769519,sub-05
l,SI-STS,object,1.5,-0.0433171280706165,sub-05
l,SI-STS,photo,0.5,0.4064646510478391,sub-05
l,SI-STS,phy,1.5,0.4324924893826328,sub-05
l,TPJ,belief,0.5,0.6173809294431056,sub-05
l,TPJ,body,0.5,0.2712164385306571,sub-05
l,TPJ,com_ind,0.5,0.3291761475920746,sub-05
l,TPJ,com_phy,0.5,0.0602953717701772,sub-05
l,TPJ,face_first,0.5,-0.1788564064513523,sub-05
l,TPJ,face_noncom,0.5,0.1201830182915877,sub-05
l,TPJ,face_third,0.5,-0.0248493509006112,sub-05
l,TPJ,ind,0.5,0.0100387483384457,sub-05
l,TPJ,interact,0.5,0.2743699081241881,sub-05
l,TPJ,noninteract,0.5,0.1153970890931309,sub-05
l,TPJ,object,0.5,0.0118832426126792,sub-05
l,TPJ,photo,0.5,0.1955377648375394,sub-05
l,TPJ,phy,0.5,0.2249234914728307,sub-05
l,fSTS,belief,0.5,1.071728106455744,sub-05
l,fSTS,body,4.0,0.415223434680151,sub-05
l,fSTS,com_ind,4.0,1.1938887933988829,sub-05
l,fSTS,com_phy,4.0,1.602957877819336,sub-05
l,fSTS,face_first,4.0,0.8922484061809944,sub-05
l,fSTS,face_noncom,4.0,0.512689551303584,sub-05
l,fSTS,face_third,4.0,1.2226655751086928,sub-05
l,fSTS,ind,4.0,0.6159600360516738,sub-05
l,fSTS,interact,1.5,1.225913764483256,sub-05
l,fSTS,noninteract,1.5,0.5470925111365056,sub-05
l,fSTS,object,4.0,-0.0626945871349055,sub-05
l,fSTS,photo,0.5,0.6712995282015564,sub-05
l,fSTS,phy,4.0,0.7302006827114106,sub-05
r,EBA,belief,0.5,0.0239053184406205,sub-05
r,EBA,body,4.0,1.0383731923852275,sub-05
r,EBA,com_ind,4.0,0.6744987767585982,sub-05
r,EBA,com_phy,4.0,0.917667380816573,sub-05
r,EBA,face_first,4.0,0.2050508241729338,sub-05
r,EBA,face_noncom,4.0,0.577971107458728,sub-05
r,EBA,face_third,4.0,0.3990780226072495,sub-05
r,EBA,ind,4.0,0.5339776090369289,sub-05
r,EBA,interact,1.5,0.7774465100246382,sub-05
r,EBA,noninteract,1.5,0.6271200412903505,sub-05
r,EBA,object,4.0,0.4328183887555754,sub-05
r,EBA,photo,0.5,-0.0702602546186135,sub-05
r,EBA,phy,4.0,0.9231481142748414,sub-05
r,EVC,belief,0.5,1.1848498457761116,sub-05
r,EVC,body,4.0,1.4360855619000632,sub-05
r,EVC,com_ind,4.0,2.51273898347136,sub-05
r,EVC,com_phy,4.0,2.4243163175347067,sub-05
r,EVC,face_first,4.0,1.8004504829524206,sub-05
r,EVC,face_noncom,4.0,1.7808922498004611,sub-05
r,EVC,face_third,4.0,1.9115495927318364,sub-05
r,EVC,ind,4.0,2.3309589574558305,sub-05
r,EVC,interact,1.5,1.2448389690228838,sub-05
r,EVC,noninteract,1.5,1.3941004971522344,sub-05
r,EVC,object,4.0,2.0029966708005507,sub-05
r,EVC,photo,0.5,1.0871093509404766,sub-05
r,EVC,phy,4.0,2.165400118942194,sub-05
r,FFA,belief,0.5,0.3891307300801453,sub-05
r,FFA,body,4.0,0.7961955298910247,sub-05
r,FFA,com_ind,4.0,1.2900740690619932,sub-05
r,FFA,com_phy,4.0,1.5204745314266128,sub-05
r,FFA,face_first,4.0,1.152462708872933,sub-05
r,FFA,face_noncom,4.0,1.06783359283008,sub-05
r,FFA,face_third,4.0,1.3266491697374396,sub-05
r,FFA,ind,4.0,1.0364834675421788,sub-05
r,FFA,interact,1.5,0.6430895711482243,sub-05
r,FFA,noninteract,1.5,0.6161257335566587,sub-05
r,FFA,object,4.0,0.5631765230648328,sub-05
r,FFA,photo,0.5,0.3596791370812268,sub-05
r,FFA,phy,4.0,1.204073165772866,sub-05
r,MT,belief,0.5,0.8879015397772412,sub-05
r,MT,body,4.0,2.389812627625772,sub-05
r,MT,com_ind,4.0,1.9976004494298136,sub-05
r,MT,com_phy,4.0,2.5405219216378816,sub-05
r,MT,face_first,4.0,1.285605516066265,sub-05
r,MT,face_noncom,4.0,1.6385791912944894,sub-05
r,MT,face_third,4.0,1.6575536479281925,sub-05
r,MT,ind,4.0,1.5346399663909038,sub-05
r,MT,interact,1.5,2.454160652568453,sub-05
r,MT,noninteract,1.5,2.4882670147077697,sub-05
r,MT,object,4.0,2.3169390762337554,sub-05
r,MT,photo,0.5,0.9213000778324952,sub-05
r,MT,phy,4.0,2.277771654558878,sub-05
r,SI-STS,belief,0.5,0.4297522235108344,sub-05
r,SI-STS,body,1.5,0.4705187965195199,sub-05
r,SI-STS,com_ind,1.5,0.7521766853257922,sub-05
r,SI-STS,com_phy,1.5,0.7574134539784386,sub-05
r,SI-STS,face_first,1.5,0.405261577727562,sub-05
r,SI-STS,face_noncom,1.5,0.2327482968612872,sub-05
r,SI-STS,face_third,1.5,0.589836829011072,sub-05
r,SI-STS,ind,1.5,0.4800874987843742,sub-05
r,SI-STS,interact,1.5,0.7288057815457383,sub-05
r,SI-STS,noninteract,1.5,0.2848387962040873,sub-05
r,SI-STS,object,1.5,0.1568088500474432,sub-05
r,SI-STS,photo,0.5,0.1176061381978841,sub-05
r,SI-STS,phy,1.5,0.5752928637550041,sub-05
r,TPJ,belief,0.5,0.4887153575039218,sub-05
r,TPJ,body,0.5,-0.050795605649248,sub-05
r,TPJ,com_ind,0.5,0.3571105251152867,sub-05
r,TPJ,com_phy,0.5,0.2658241587848992,sub-05
r,TPJ,face_first,0.5,-0.0337304291389657,sub-05
r,TPJ,face_noncom,0.5,0.0030083657695956,sub-05
r,TPJ,face_third,0.5,0.1471990233611351,sub-05
r,TPJ,ind,0.5,0.0702849989408248,sub-05
r,TPJ,interact,0.5,0.4288679649318322,sub-05
r,TPJ,noninteract,0.5,0.2452940567473776,sub-05
r,TPJ,object,0.5,-0.0560219423873472,sub-05
r,TPJ,photo,0.5,-0.0848546743908742,sub-05
r,TPJ,phy,0.5,0.0587105574198425,sub-05
r,fSTS,belief,0.5,0.156298572877671,sub-05
r,fSTS,body,4.0,0.4456709838328481,sub-05
r,fSTS,com_ind,4.0,1.1590928784627268,sub-05
r,fSTS,com_phy,4.0,1.3759564865272935,sub-05
r,fSTS,face_first,4.0,1.023955428633577,sub-05
r,fSTS,face_noncom,4.0,0.6497396520149317,sub-05
r,fSTS,face_third,4.0,1.2507556389573025,sub-05
r,fSTS,ind,4.0,0.7327814924036274,sub-05
r,fSTS,interact,1.5,0.8405702525883554,sub-05
r,fSTS,noninteract,1.5,0.4988747392763826,sub-05
r,fSTS,object,4.0,0.1166071166017169,sub-05
r,fSTS,photo,0.5,0.1140665483483994,sub-05
r,fSTS,phy,4.0,0.8070932553524751,sub-05
l,EBA,belief,0.5,0.0229865333033242,sub-08
l,EBA,body,4.0,1.011873061782837,sub-08
l,EBA,com_ind,4.0,0.7344524545141945,sub-08
l,EBA,com_phy,4.0,0.8697748156435352,sub-08
l,EBA,face_first,4.0,0.3059716840369189,sub-08
l,EBA,face_noncom,4.0,0.7369306161259357,sub-08
l,EBA,face_third,4.0,0.4665318472370212,sub-08
l,EBA,ind,4.0,0.5060533617216392,sub-08
l,EBA,interact,1.5,0.583950353474441,sub-08
l,EBA,noninteract,1.5,0.7304670253448474,sub-08
l,EBA,object,4.0,0.5036838514675198,sub-08
l,EBA,photo,0.5,-0.0252698334206144,sub-08
l,EBA,phy,4.0,1.1620278023810937,sub-08
l,EVC,belief,0.5,1.869034387810372,sub-08
l,EVC,body,4.0,2.8546137889369785,sub-08
l,EVC,com_ind,4.0,3.2148869453966573,sub-08
l,EVC,com_phy,4.0,3.0758770024973066,sub-08
l,EVC,face_first,4.0,2.597285350845609,sub-08
l,EVC,face_noncom,4.0,2.6243822111179096,sub-08
l,EVC,face_third,4.0,2.2915931270130536,sub-08
l,EVC,ind,4.0,2.7061445405433835,sub-08
l,EVC,interact,1.5,0.773218609713284,sub-08
l,EVC,noninteract,1.5,1.2398788457682812,sub-08
l,EVC,object,4.0,2.722229530347087,sub-08
l,EVC,photo,0.5,2.064871434277745,sub-08
l,EVC,phy,4.0,3.037105013999506,sub-08
l,FFA,belief,0.5,0.3661359651944066,sub-08
l,FFA,body,4.0,0.4581308955346984,sub-08
l,FFA,com_ind,4.0,0.7765558498361749,sub-08
l,FFA,com_phy,4.0,0.8072859675727231,sub-08
l,FFA,face_first,4.0,0.7880673766038361,sub-08
l,FFA,face_noncom,4.0,0.7834690720263241,sub-08
l,FFA,face_third,4.0,0.782510091377897,sub-08
l,FFA,ind,4.0,0.601067881339945,sub-08
l,FFA,interact,1.5,0.1760669319553199,sub-08
l,FFA,noninteract,1.5,0.1646899604062391,sub-08
l,FFA,object,4.0,0.2692385083154673,sub-08
l,FFA,photo,0.5,0.3811390878062849,sub-08
l,FFA,phy,4.0,0.732311323360958,sub-08
l,MT,belief,0.5,1.9917362928210125,sub-08
l,MT,body,4.0,2.8550788936047327,sub-08
l,MT,com_ind,4.0,2.449397194005137,sub-08
l,MT,com_phy,4.0,2.762199041080973,sub-08
l,MT,face_first,4.0,1.7367928660646723,sub-08
l,MT,face_noncom,4.0,2.368184409686052,sub-08
l,MT,face_third,4.0,1.7506976682494175,sub-08
l,MT,ind,4.0,1.9229595511061832,sub-08
l,MT,interact,1.5,1.2867956966011085,sub-08
l,MT,noninteract,1.5,1.654517606291004,sub-08
l,MT,object,4.0,2.296709169755178,sub-08
l,MT,photo,0.5,2.1103578616826733,sub-08
l,MT,phy,4.0,3.013643845425488,sub-08
l,SI-STS,belief,0.5,0.3887260269204913,sub-08
l,SI-STS,body,1.5,0.0535476875781059,sub-08
l,SI-STS,com_ind,1.5,0.2009927836199506,sub-08
l,SI-STS,com_phy,1.5,0.241986289239952,sub-08
l,SI-STS,face_first,1.5,0.3095828423500402,sub-08
l,SI-STS,face_noncom,1.5,0.1691524036950041,sub-08
l,SI-STS,face_third,1.5,0.3610778931061628,sub-08
l,SI-STS,ind,1.5,0.2181145419840997,sub-08
l,SI-STS,interact,1.5,0.1947015404982509,sub-08
l,SI-STS,noninteract,1.5,0.1834497751204666,sub-08
l,SI-STS,object,1.5,0.1108366127027653,sub-08
l,SI-STS,photo,0.5,0.3635845426520941,sub-08
l,SI-STS,phy,1.5,0.1655097938265717,sub-08
l,TPJ,belief,0.5,0.5137177975174321,sub-08
l,TPJ,body,0.5,-0.3002535234246545,sub-08
l,TPJ,com_ind,0.5,-0.1587123733787626,sub-08
l,TPJ,com_phy,0.5,-0.0943954541449977,sub-08
l,TPJ,face_first,0.5,0.0265578155809642,sub-08
l,TPJ,face_noncom,0.5,-0.0040226737451924,sub-08
l,TPJ,face_third,0.5,-0.1052349739781666,sub-08
l,TPJ,ind,0.5,0.0370821535628299,sub-08
l,TPJ,interact,0.5,-0.0476183821733469,sub-08
l,TPJ,noninteract,0.5,-0.0989912525725334,sub-08
l,TPJ,object,0.5,-0.1803536884660035,sub-08
l,TPJ,photo,0.5,0.1862944550431365,sub-08
l,TPJ,phy,0.5,-0.3045143106362183,sub-08
l,fSTS,belief,0.5,1.0726462152895504,sub-08
l,fSTS,body,4.0,0.0779363735438868,sub-08
l,fSTS,com_ind,4.0,0.3296230384369609,sub-08
l,fSTS,com_phy,4.0,0.4445215864126717,sub-08
l,fSTS,face_first,4.0,0.629856967871573,sub-08
l,fSTS,face_noncom,4.0,0.2230229876079469,sub-08
l,fSTS,face_third,4.0,0.6606530469879203,sub-08
l,fSTS,ind,4.0,0.2407998330282447,sub-08
l,fSTS,interact,1.5,0.3176616505002489,sub-08
l,fSTS,noninteract,1.5,0.2478263649095669,sub-08
l,fSTS,object,4.0,0.0248801084953054,sub-08
l,fSTS,photo,0.5,0.9499743758138248,sub-08
l,fSTS,phy,4.0,0.1657631287554406,sub-08
r,EBA,belief,0.5,0.0085638299581785,sub-08
r,EBA,body,4.0,0.9076001020908236,sub-08
r,EBA,com_ind,4.0,0.8989235345380143,sub-08
r,EBA,com_phy,4.0,1.0243618963368006,sub-08
r,EBA,face_first,4.0,0.4143265076931933,sub-08
r,EBA,face_noncom,4.0,0.7309009028017296,sub-08
r,EBA,face_third,4.0,0.5197318796631739,sub-08
r,EBA,ind,4.0,0.6585372067217133,sub-08
r,EBA,interact,1.5,0.6415861640882331,sub-08
r,EBA,noninteract,1.5,0.6977434432892675,sub-08
r,EBA,object,4.0,0.4814577649101763,sub-08
r,EBA,photo,0.5,0.0456179711568373,sub-08
r,EBA,phy,4.0,1.1751507351415167,sub-08
r,EVC,belief,0.5,0.8135222044074616,sub-08
r,EVC,body,4.0,1.8178709032017897,sub-08
r,EVC,com_ind,4.0,2.1714478168573823,sub-08
r,EVC,com_phy,4.0,1.9609746072891727,sub-08
r,EVC,face_first,4.0,1.8642247627102704,sub-08
r,EVC,face_noncom,4.0,1.8764058433912536,sub-08
r,EVC,face_third,4.0,1.6884378862107496,sub-08
r,EVC,ind,4.0,1.843983512463312,sub-08
r,EVC,interact,1.5,0.6868235839100038,sub-08
r,EVC,noninteract,1.5,0.797704773372078,sub-08
r,EVC,object,4.0,1.979801946854282,sub-08
r,EVC,photo,0.5,0.8835893573729281,sub-08
r,EVC,phy,4.0,2.051398357413788,sub-08
r,FFA,belief,0.5,0.1570118919330736,sub-08
r,FFA,body,4.0,0.4502294142765102,sub-08
r,FFA,com_ind,4.0,0.8684814880410229,sub-08
r,FFA,com_phy,4.0,0.8247587764761389,sub-08
r,FFA,face_first,4.0,0.8730359214532686,sub-08
r,FFA,face_noncom,4.0,0.9639865280592832,sub-08
r,FFA,face_third,4.0,0.8749587411192231,sub-08
r,FFA,ind,4.0,0.7256152334713208,sub-08
r,FFA,interact,1.5,0.269216141242111,sub-08
r,FFA,noninteract,1.5,0.2398812110665918,sub-08
r,FFA,object,4.0,0.2607844156947841,sub-08
r,FFA,photo,0.5,0.1698341018454646,sub-08
r,FFA,phy,4.0,0.855479596038551,sub-08
r,MT,belief,0.5,0.8559292907184635,sub-08
r,MT,body,4.0,2.284315263101274,sub-08
r,MT,com_ind,4.0,2.2366691185089573,sub-08
r,MT,com_phy,4.0,2.4433978444921745,sub-08
r,MT,face_first,4.0,1.6357968982179087,sub-08
r,MT,face_noncom,4.0,2.08957465532474,sub-08
r,MT,face_third,4.0,1.6466428727445088,sub-08
r,MT,ind,4.0,1.8100711999337664,sub-08
r,MT,interact,1.5,1.3141204258600605,sub-08
r,MT,noninteract,1.5,1.6411470429406825,sub-08
r,MT,object,4.0,2.026428646168944,sub-08
r,MT,photo,0.5,0.9537289290751232,sub-08
r,MT,phy,4.0,2.56678637872018,sub-08
r,SI-STS,belief,0.5,0.203166361212639,sub-08
r,SI-STS,body,1.5,0.1244479377897881,sub-08
r,SI-STS,com_ind,1.5,0.3091799913778055,sub-08
r,SI-STS,com_phy,1.5,0.3695385006361403,sub-08
r,SI-STS,face_first,1.5,0.4974599669940819,sub-08
r,SI-STS,face_noncom,1.5,0.2561794060985695,sub-08
r,SI-STS,face_third,1.5,0.4757582358786325,sub-08
r,SI-STS,ind,1.5,0.3453074120700877,sub-08
r,SI-STS,interact,1.5,0.0492518592074722,sub-08
r,SI-STS,noninteract,1.5,0.1055305320467312,sub-08
r,SI-STS,object,1.5,0.125006215696545,sub-08
r,SI-STS,photo,0.5,0.1219072498919494,sub-08
r,SI-STS,phy,1.5,0.1729428050794165,sub-08
r,TPJ,belief,0.5,0.535160696089053,sub-08
r,TPJ,body,0.5,-0.2238405968686046,sub-08
r,TPJ,com_ind,0.5,-0.0883645625781938,sub-08
r,TPJ,com_phy,0.5,-0.0719920510672942,sub-08
r,TPJ,face_first,0.5,0.0052142252514652,sub-08
r,TPJ,face_noncom,0.5,-0.0068343417137417,sub-08
r,TPJ,face_third,0.5,0.0996451979271427,sub-08
r,TPJ,ind,0.5,0.2530863884032893,sub-08
r,TPJ,interact,0.5,0.0732467443388613,sub-08
r,TPJ,noninteract,0.5,-0.0744389581106091,sub-08
r,TPJ,object,0.5,-0.1754034588377581,sub-08
r,TPJ,photo,0.5,-0.0598780407026368,sub-08
r,TPJ,phy,0.5,-0.2944618859329874,sub-08
r,fSTS,belief,0.5,0.3422017317464104,sub-08
r,fSTS,body,4.0,0.203989432575288,sub-08
r,fSTS,com_ind,4.0,0.5149310387749031,sub-08
r,fSTS,com_phy,4.0,0.5799282621341141,sub-08
r,fSTS,face_first,4.0,0.8258250272575576,sub-08
r,fSTS,face_noncom,4.0,0.3829590251588207,sub-08
r,fSTS,face_third,4.0,0.8662496957415463,sub-08
r,fSTS,ind,4.0,0.2790831319993956,sub-08
r,fSTS,interact,1.5,0.2862948168118197,sub-08
r,fSTS,noninteract,1.5,0.109807902468923,sub-08
r,fSTS,object,4.0,0.0532883842103293,sub-08
r,fSTS,photo,0.5,0.2711115480671602,sub-08
r,fSTS,phy,4.0,0.3694279450600539,sub-08
l,EBA,belief,0.5,-0.2356925364859474,sub-11
l,EBA,body,4.0,1.3300266569646213,sub-11
l,EBA,com_ind,4.0,1.3722664086479246,sub-11
l,EBA,com_phy,4.0,1.413448374869685,sub-11
l,EBA,face_first,4.0,0.767687592038054,sub-11
l,EBA,face_noncom,4.0,1.0038879087428716,sub-11
l,EBA,face_third,4.0,0.8656333595018365,sub-11
l,EBA,ind,4.0,0.9941553992488608,sub-11
l,EBA,interact,1.5,1.2205011744023428,sub-11
l,EBA,noninteract,1.5,0.9606800938090728,sub-11
l,EBA,object,4.0,0.6658953944238106,sub-11
l,EBA,photo,0.5,-0.2216654966209482,sub-11
l,EBA,phy,4.0,1.489057050862702,sub-11
l,EVC,belief,0.5,1.6199458675919538,sub-11
l,EVC,body,4.0,1.6261423817588891,sub-11
l,EVC,com_ind,4.0,2.0123702806178665,sub-11
l,EVC,com_phy,4.0,2.0331199109852127,sub-11
l,EVC,face_first,4.0,1.6883690920918912,sub-11
l,EVC,face_noncom,4.0,1.672358900815228,sub-11
l,EVC,face_third,4.0,1.666241981544952,sub-11
l,EVC,ind,4.0,1.8396805961341696,sub-11
l,EVC,interact,1.5,1.0745012730880583,sub-11
l,EVC,noninteract,1.5,1.2889155015044107,sub-11
l,EVC,object,4.0,1.5832590227727603,sub-11
l,EVC,photo,0.5,1.5749019413864678,sub-11
l,EVC,phy,4.0,2.0144796880035805,sub-11
l,FFA,belief,0.5,0.1288801974189786,sub-11
l,FFA,body,4.0,0.399736527306247,sub-11
l,FFA,com_ind,4.0,0.842608665390024,sub-11
l,FFA,com_phy,4.0,0.8118307769334591,sub-11
l,FFA,face_first,4.0,0.8915053537346417,sub-11
l,FFA,face_noncom,4.0,0.9478818697494455,sub-11
l,FFA,face_third,4.0,0.8387979782340428,sub-11
l,FFA,ind,4.0,0.6444568465030095,sub-11
l,FFA,interact,1.5,0.2517056643494283,sub-11
l,FFA,noninteract,1.5,0.1742109342016746,sub-11
l,FFA,object,4.0,0.3685595358825351,sub-11
l,FFA,photo,0.5,0.1118306846492058,sub-11
l,FFA,phy,4.0,0.7487753526469997,sub-11
l,MT,belief,0.5,0.2213963729968466,sub-11
l,MT,body,4.0,1.781866051506671,sub-11
l,MT,com_ind,4.0,1.4497974523866357,sub-11
l,MT,com_phy,4.0,1.713833843531752,sub-11
l,MT,face_first,4.0,0.9890870556639888,sub-11
l,MT,face_noncom,4.0,1.3064857856315923,sub-11
l,MT,face_third,4.0,1.1056656244720453,sub-11
l,MT,ind,4.0,1.1775239644482265,sub-11
l,MT,interact,1.5,1.57661332293005,sub-11
l,MT,noninteract,1.5,1.59815647676694,sub-11
l,MT,object,4.0,1.392458714434883,sub-11
l,MT,photo,0.5,0.1981908890439478,sub-11
l,MT,phy,4.0,1.7818799218716832,sub-11
l,SI-STS,belief,0.5,0.2030811833131576,sub-11
l,SI-STS,body,1.5,0.4051354491329889,sub-11
l,SI-STS,com_ind,1.5,0.7389295800536371,sub-11
l,SI-STS,com_phy,1.5,0.5549175970740223,sub-11
l,SI-STS,face_first,1.5,0.6740156206113339,sub-11
l,SI-STS,face_noncom,1.5,0.4400136391796074,sub-11
l,SI-STS,face_third,1.5,0.5733932414818568,sub-11
l,SI-STS,ind,1.5,0.4213572087518021,sub-11
l,SI-STS,interact,1.5,0.4866459592994316,sub-11
l,SI-STS,noninteract,1.5,0.1582969091632766,sub-11
l,SI-STS,object,1.5,0.0835388780439422,sub-11
l,SI-STS,photo,0.5,0.0039662037057204,sub-11
l,SI-STS,phy,1.5,0.5530053106629929,sub-11
l,TPJ,belief,0.5,0.426650465689808,sub-11
l,TPJ,body,0.5,-0.1737264930019322,sub-11
l,TPJ,com_ind,0.5,0.1188912771548745,sub-11
l,TPJ,com_phy,0.5,-0.0190979696446647,sub-11
l,TPJ,face_first,0.5,0.1015105603123807,sub-11
l,TPJ,face_noncom,0.5,0.0524800794210203,sub-11
l,TPJ,face_third,0.5,-0.0699840461438582,sub-11
l,TPJ,ind,0.5,-0.1633508305997056,sub-11
l,TPJ,interact,0.5,-0.0857187328620483,sub-11
l,TPJ,noninteract,0.5,-0.1833678218042264,sub-11
l,TPJ,object,0.5,-0.1262823504927042,sub-11
l,TPJ,photo,0.5,0.0633090410699119,sub-11
l,TPJ,phy,0.5,-0.0799841614384191,sub-11
l,fSTS,belief,0.5,0.5101943627474701,sub-11
l,fSTS,body,4.0,-0.3014913542009082,sub-11
l,fSTS,com_ind,4.0,-0.0044282885152267,sub-11
l,fSTS,com_phy,4.0,-0.2133816165858975,sub-11
l,fSTS,face_first,4.0,0.1294450634624597,sub-11
l,fSTS,face_noncom,4.0,-0.16282044531435,sub-11
l,fSTS,face_third,4.0,0.052214288364896,sub-11
l,fSTS,ind,4.0,-0.1802702787357778,sub-11
l,fSTS,interact,1.5,-0.3066051938897468,sub-11
l,fSTS,noninteract,1.5,-0.4431269066197943,sub-11
l,fSTS,object,4.0,-0.2326990144267498,sub-11
l,fSTS,photo,0.5,0.1619757596647702,sub-11
l,fSTS,phy,4.0,-0.2081834590518901,sub-11
r,EBA,belief,0.5,-0.0398175245380717,sub-11
r,EBA,body,4.0,1.2282698127100238,sub-11
r,EBA,com_ind,4.0,1.5174384168720767,sub-11
r,EBA,com_phy,4.0,1.6600064130508996,sub-11
r,EBA,face_first,4.0,1.0716683158417022,sub-11
r,EBA,face_noncom,4.0,1.0481947336134054,sub-11
r,EBA,face_third,4.0,1.182460847302767,sub-11
r,EBA,ind,4.0,1.267434485632778,sub-11
r,EBA,interact,1.5,1.3148821208797137,sub-11
r,EBA,noninteract,1.5,1.0351344720637692,sub-11
r,EBA,object,4.0,0.7205090053250275,sub-11
r,EBA,photo,0.5,-0.1334218413078555,sub-11
r,EBA,phy,4.0,1.5458801828650155,sub-11
r,EVC,belief,0.5,0.9662395922547604,sub-11
r,EVC,body,4.0,1.4761789936083771,sub-11
r,EVC,com_ind,4.0,2.237441014387442,sub-11
r,EVC,com_phy,4.0,2.139204231096198,sub-11
r,EVC,face_first,4.0,1.8463778535065865,sub-11
r,EVC,face_noncom,4.0,1.64191780004772,sub-11
r,EVC,face_third,4.0,1.802815061605736,sub-11
r,EVC,ind,4.0,2.127480975870554,sub-11
r,EVC,interact,1.5,0.7926697056502242,sub-11
r,EVC,noninteract,1.5,0.9498541414324986,sub-11
r,EVC,object,4.0,1.61815449511257,sub-11
r,EVC,photo,0.5,0.8644615602035096,sub-11
r,EVC,phy,4.0,2.191478081912853,sub-11
r,FFA,belief,0.5,0.3189595457463784,sub-11
r,FFA,body,4.0,0.4150023239293205,sub-11
r,FFA,com_ind,4.0,1.1263248323101076,sub-11
r,FFA,com_phy,4.0,0.9982945938556032,sub-11
r,FFA,face_first,4.0,1.1811968383175633,sub-11
r,FFA,face_noncom,4.0,1.0389225203298162,sub-11
r,FFA,face_third,4.0,1.0099615144206275,sub-11
r,FFA,ind,4.0,0.943802630341227,sub-11
r,FFA,interact,1.5,0.3085805323501287,sub-11
r,FFA,noninteract,1.5,0.3122856068820838,sub-11
r,FFA,object,4.0,0.4632500586017896,sub-11
r,FFA,photo,0.5,0.2889656009290153,sub-11
r,FFA,phy,4.0,1.0492698460577248,sub-11
r,MT,belief,0.5,0.0274350719347536,sub-11
r,MT,body,4.0,2.036927195907145,sub-11
r,MT,com_ind,4.0,1.9051484996373984,sub-11
r,MT,com_phy,4.0,2.1949961435700405,sub-11
r,MT,face_first,4.0,1.5758221522133855,sub-11
r,MT,face_noncom,4.0,1.6831000475022553,sub-11
r,MT,face_third,4.0,1.6546854173670524,sub-11
r,MT,ind,4.0,1.6196075666499996,sub-11
r,MT,interact,1.5,1.8654573088933968,sub-11
r,MT,noninteract,1.5,1.804475063321704,sub-11
r,MT,object,4.0,1.6471076944652534,sub-11
r,MT,photo,0.5,0.0014768360775757,sub-11
r,MT,phy,4.0,2.1630655692923235,sub-11
r,SI-STS,belief,0.5,0.3567678733778897,sub-11
r,SI-STS,body,1.5,0.8505084842192757,sub-11
r,SI-STS,com_ind,1.5,0.9011515463816868,sub-11
r,SI-STS,com_phy,1.5,0.8028882583564125,sub-11
r,SI-STS,face_first,1.5,1.3131797446691529,sub-11
r,SI-STS,face_noncom,1.5,0.6109830503091851,sub-11
r,SI-STS,face_third,1.5,1.0460505653486312,sub-11
r,SI-STS,ind,1.5,0.4783387254720266,sub-11
r,SI-STS,interact,1.5,0.6513650129681857,sub-11
r,SI-STS,noninteract,1.5,0.0699259242953629,sub-11
r,SI-STS,object,1.5,0.3611896587705698,sub-11
r,SI-STS,photo,0.5,0.104675709276989,sub-11
r,SI-STS,phy,1.5,0.7511363995019046,sub-11
r,TPJ,belief,0.5,0.4320917199527017,sub-11
r,TPJ,body,0.5,0.4771795865537797,sub-11
r,TPJ,com_ind,0.5,0.4229313542665519,sub-11
r,TPJ,com_phy,0.5,0.5436714286552589,sub-11
r,TPJ,face_first,0.5,0.6375355985556961,sub-11
r,TPJ,face_noncom,0.5,0.3491771034405931,sub-11
r,TPJ,face_third,0.5,0.5522180554289179,sub-11
r,TPJ,ind,0.5,0.4258957638775826,sub-11
r,TPJ,interact,0.5,0.1833395613018402,sub-11
r,TPJ,noninteract,0.5,-0.0465863369444784,sub-11
r,TPJ,object,0.5,0.3574402828788772,sub-11
r,TPJ,photo,0.5,0.0995521244005106,sub-11
r,TPJ,phy,0.5,0.2773433657033218,sub-11
r,fSTS,belief,0.5,0.2468093737665971,sub-11
r,fSTS,body,4.0,0.3295633041940666,sub-11
r,fSTS,com_ind,4.0,0.6723820949064679,sub-11
r,fSTS,com_phy,4.0,0.7152016187103967,sub-11
r,fSTS,face_first,4.0,0.8086024307909196,sub-11
r,fSTS,face_noncom,4.0,0.4526364296165889,sub-11
r,fSTS,face_third,4.0,0.7730957327015524,sub-11
r,fSTS,ind,4.0,0.515527100088038,sub-11
r,fSTS,interact,1.5,0.4348689510067626,sub-11
r,fSTS,noninteract,1.5,0.1065582493514237,sub-11
r,fSTS,object,4.0,0.1307378615202016,sub-11
r,fSTS,photo,0.5,0.0939480283877863,sub-11
r,fSTS,phy,4.0,0.5302674596409551,sub-11
l,EBA,belief,0.5,0.4279275562068133,sub-13
l,EBA,body,4.0,1.3190397206082554,sub-13
l,EBA,com_ind,4.0,1.2922250495423289,sub-13
l,EBA,com_phy,4.0,1.2587729105472287,sub-13
l,EBA,face_first,4.0,0.7051661175335487,sub-13
l,EBA,face_noncom,4.0,0.831470827126342,sub-13
l,EBA,face_third,4.0,0.7896737671752476,sub-13
l,EBA,ind,4.0,0.7653571288104899,sub-13
l,EBA,interact,1.5,0.8860016463272062,sub-13
l,EBA,noninteract,1.5,1.1728476586030745,sub-13
l,EBA,object,4.0,0.6462093239385885,sub-13
l,EBA,photo,0.5,0.2488654538445794,sub-13
l,EBA,phy,4.0,1.656473014894582,sub-13
l,EVC,belief,0.5,1.7420818325015344,sub-13
l,EVC,body,4.0,2.0525778823520486,sub-13
l,EVC,com_ind,4.0,2.804458084539613,sub-13
l,EVC,com_phy,4.0,2.46718137522685,sub-13
l,EVC,face_first,4.0,2.5863372021675057,sub-13
l,EVC,face_noncom,4.0,2.4448249102062904,sub-13
l,EVC,face_third,4.0,2.611113580099216,sub-13
l,EVC,ind,4.0,2.500071370305538,sub-13
l,EVC,interact,1.5,1.004318454358267,sub-13
l,EVC,noninteract,1.5,1.4199743424485676,sub-13
l,EVC,object,4.0,1.965920384271986,sub-13
l,EVC,photo,0.5,1.7048710726102874,sub-13
l,EVC,phy,4.0,2.677111233365248,sub-13
l,FFA,belief,0.5,0.8257457463771803,sub-13
l,FFA,body,4.0,0.1575127761575955,sub-13
l,FFA,com_ind,4.0,0.5414056910212612,sub-13
l,FFA,com_phy,4.0,0.4023354175281811,sub-13
l,FFA,face_first,4.0,0.6781936349676633,sub-13
l,FFA,face_noncom,4.0,0.4363514742676411,sub-13
l,FFA,face_third,4.0,0.5410145980877713,sub-13
l,FFA,ind,4.0,0.2678348572250115,sub-13
l,FFA,interact,1.5,-0.0439080866107459,sub-13
l,FFA,noninteract,1.5,0.1995828937940086,sub-13
l,FFA,object,4.0,0.1121964752276608,sub-13
l,FFA,photo,0.5,0.863600480021714,sub-13
l,FFA,phy,4.0,0.6591393781381064,sub-13
l,MT,belief,0.5,1.0497440045215711,sub-13
l,MT,body,4.0,3.192701817505691,sub-13
l,MT,com_ind,4.0,2.757687271438891,sub-13
l,MT,com_phy,4.0,2.907277114187304,sub-13
l,MT,face_first,4.0,1.8925665822334563,sub-13
l,MT,face_noncom,4.0,2.291688627620113,sub-13
l,MT,face_third,4.0,2.226627192687277,sub-13
l,MT,ind,4.0,1.916897399617866,sub-13
l,MT,interact,1.5,2.437421532562219,sub-13
l,MT,noninteract,1.5,3.1611338731954857,sub-13
l,MT,object,4.0,2.654269722992677,sub-13
l,MT,photo,0.5,0.9308396422631394,sub-13
l,MT,phy,4.0,3.568922265953713,sub-13
l,SI-STS,belief,0.5,0.4054492447828797,sub-13
l,SI-STS,body,1.5,-0.0657807741822147,sub-13
l,SI-STS,com_ind,1.5,0.0509663976906605,sub-13
l,SI-STS,com_phy,1.5,-0.2187136506756806,sub-13
l,SI-STS,face_first,1.5,0.088731939785329,sub-13
l,SI-STS,face_noncom,1.5,0.1166162486191703,sub-13
l,SI-STS,face_third,1.5,0.0219071627129911,sub-13
l,SI-STS,ind,1.5,-0.035463033512017,sub-13
l,SI-STS,interact,1.5,-0.0933459438304439,sub-13
l,SI-STS,noninteract,1.5,-0.0299682459023644,sub-13
l,SI-STS,object,1.5,-0.078486667419921,sub-13
l,SI-STS,photo,0.5,0.1880531584247355,sub-13
l,SI-STS,phy,1.5,0.0693065327968505,sub-13
l,TPJ,belief,0.5,1.0393920851598055,sub-13
l,TPJ,body,0.5,-0.0922741822056665,sub-13
l,TPJ,com_ind,0.5,0.3367688755499193,sub-13
l,TPJ,com_phy,0.5,-0.1053422751146255,sub-13
l,TPJ,face_first,0.5,0.2806525046286752,sub-13
l,TPJ,face_noncom,0.5,0.0820236934487829,sub-13
l,TPJ,face_third,0.5,0.2750710912678925,sub-13
l,TPJ,ind,0.5,-0.0494013783716004,sub-13
l,TPJ,interact,0.5,0.1513280229278115,sub-13
l,TPJ,noninteract,0.5,0.2633693696064293,sub-13
l,TPJ,object,0.5,-0.0212617827401349,sub-13
l,TPJ,photo,0.5,0.3910744916877871,sub-13
l,TPJ,phy,0.5,0.2434439930956195,sub-13
l,fSTS,belief,0.5,0.3871863667284559,sub-13
l,fSTS,body,4.0,0.0358906476078936,sub-13
l,fSTS,com_ind,4.0,0.2408590376084538,sub-13
l,fSTS,com_phy,4.0,0.1505759491259588,sub-13
l,fSTS,face_first,4.0,0.2578685899858394,sub-13
l,fSTS,face_noncom,4.0,0.1860172361716378,sub-13
l,fSTS,face_third,4.0,0.3174607296958918,sub-13
l,fSTS,ind,4.0,0.0846384959561803,sub-13
l,fSTS,interact,1.5,0.0763630555003626,sub-13
l,fSTS,noninteract,1.5,0.1802724146139727,sub-13
l,fSTS,object,4.0,0.0349510706179157,sub-13
l,fSTS,photo,0.5,0.2595290589409487,sub-13
l,fSTS,phy,4.0,0.1335696698972116,sub-13
r,EBA,belief,0.5,0.3441608505686472,sub-13
r,EBA,body,4.0,1.327495631694525,sub-13
r,EBA,com_ind,4.0,1.4280834689573294,sub-13
r,EBA,com_phy,4.0,1.4685366585459945,sub-13
r,EBA,face_first,4.0,0.9945121606100829,sub-13
r,EBA,face_noncom,4.0,1.166033151121996,sub-13
r,EBA,face_third,4.0,1.1170317919895894,sub-13
r,EBA,ind,4.0,0.9719650705571338,sub-13
r,EBA,interact,1.5,0.9699313445754308,sub-13
r,EBA,noninteract,1.5,1.155597854967516,sub-13
r,EBA,object,4.0,0.6969242389556297,sub-13
r,EBA,photo,0.5,0.1037972391240734,sub-13
r,EBA,phy,4.0,1.5862532183740736,sub-13
r,EVC,belief,0.5,2.431461321470313,sub-13
r,EVC,body,4.0,1.995386189487924,sub-13
r,EVC,com_ind,4.0,3.2343563630043204,sub-13
r,EVC,com_phy,4.0,2.675111769654136,sub-13
r,EVC,face_first,4.0,2.797730338209888,sub-13
r,EVC,face_noncom,4.0,2.4299417900373954,sub-13
r,EVC,face_third,4.0,2.900870526619058,sub-13
r,EVC,ind,4.0,2.848372314788452,sub-13
r,EVC,interact,1.5,1.2122868530594135,sub-13
r,EVC,noninteract,1.5,1.7548168176328818,sub-13
r,EVC,object,4.0,2.171461985481869,sub-13
r,EVC,photo,0.5,2.469914454931889,sub-13
r,EVC,phy,4.0,2.9914070726277373,sub-13
r,FFA,belief,0.5,0.7897567961688837,sub-13
r,FFA,body,4.0,0.8931354764124735,sub-13
r,FFA,com_ind,4.0,1.3532038157868955,sub-13
r,FFA,com_phy,4.0,1.250580824226441,sub-13
r,FFA,face_first,4.0,1.473126279624759,sub-13
r,FFA,face_noncom,4.0,1.521927020121969,sub-13
r,FFA,face_third,4.0,1.483690196839535,sub-13
r,FFA,ind,4.0,1.0102128322671695,sub-13
r,FFA,interact,1.5,0.2006896697837522,sub-13
r,FFA,noninteract,1.5,0.6057215062759468,sub-13
r,FFA,object,4.0,0.8227405515957408,sub-13
r,FFA,photo,0.5,0.705720399191008,sub-13
r,FFA,phy,4.0,1.3954348482052463,sub-13
r,MT,belief,0.5,0.490340860027199,sub-13
r,MT,body,4.0,2.4219400592192,sub-13
r,MT,com_ind,4.0,2.248120806691025,sub-13
r,MT,com_phy,4.0,2.396949843552284,sub-13
r,MT,face_first,4.0,1.6742703154471354,sub-13
r,MT,face_noncom,4.0,1.9609229400564336,sub-13
r,MT,face_third,4.0,1.9149903257629928,sub-13
r,MT,ind,4.0,1.5618317542125666,sub-13
r,MT,interact,1.5,2.039966054707038,sub-13
r,MT,noninteract,1.5,2.432103933795908,sub-13
r,MT,object,4.0,1.9665483128534889,sub-13
r,MT,photo,0.5,0.3275546491442276,sub-13
r,MT,phy,4.0,2.690206085422846,sub-13
r,SI-STS,belief,0.5,0.282386689579354,sub-13
r,SI-STS,body,1.5,0.075871503427652,sub-13
r,SI-STS,com_ind,1.5,0.1835604542849197,sub-13
r,SI-STS,com_phy,1.5,0.0141621146780646,sub-13
r,SI-STS,face_first,1.5,0.2698467184948367,sub-13
r,SI-STS,face_noncom,1.5,0.1236401339617351,sub-13
r,SI-STS,face_third,1.5,0.2124678352366342,sub-13
r,SI-STS,ind,1.5,0.0785456387028708,sub-13
r,SI-STS,interact,1.5,-0.0993927946906402,sub-13
r,SI-STS,noninteract,1.5,-0.0018370026317944,sub-13
r,SI-STS,object,1.5,-0.0093833608138214,sub-13
r,SI-STS,photo,0.5,0.1308437663083601,sub-13
r,SI-STS,phy,1.5,0.15257656851648,sub-13
r,TPJ,belief,0.5,0.7483952788209133,sub-13
r,TPJ,body,0.5,0.1364403696124036,sub-13
r,TPJ,com_ind,0.5,0.3721096955777986,sub-13
r,TPJ,com_phy,0.5,0.0403961646622476,sub-13
r,TPJ,face_first,0.5,0.6222097502929231,sub-13
r,TPJ,face_noncom,0.5,0.309437386411629,sub-13
r,TPJ,face_third,0.5,0.3430146087621674,sub-13
r,TPJ,ind,0.5,0.0732738976440102,sub-13
r,TPJ,interact,0.5,-0.0774129472009315,sub-13
r,TPJ,noninteract,0.5,0.1920508299658292,sub-13
r,TPJ,object,0.5,0.1034116467155795,sub-13
r,TPJ,photo,0.5,0.3321646727408633,sub-13
r,TPJ,phy,0.5,0.5066030796765589,sub-13
r,fSTS,belief,0.5,0.839325363449366,sub-13
r,fSTS,body,4.0,0.557613185800989,sub-13
r,fSTS,com_ind,4.0,1.0866411808886665,sub-13
r,fSTS,com_phy,4.0,0.9539031170701782,sub-13
r,fSTS,face_first,4.0,1.1392504993553516,sub-13
r,fSTS,face_noncom,4.0,0.6271350646991328,sub-13
r,fSTS,face_third,4.0,1.0697713496317072,sub-13
r,fSTS,ind,4.0,0.509109264246188,sub-13
r,fSTS,interact,1.5,0.2751009217057003,sub-13
r,fSTS,noninteract,1.5,0.334698404610959,sub-13
r,fSTS,object,4.0,0.1581043619365151,sub-13
r,fSTS,photo,0.5,0.3555720961978257,sub-13
r,fSTS,phy,4.0,0.9506360841788044,sub-13
l,EBA,belief,0.5,-0.1483931007786403,sub-16
l,EBA,body,4.0,0.9244812792390684,sub-16
l,EBA,com_ind,4.0,0.5982397938103436,sub-16
l,EBA,com_phy,4.0,0.914828887155288,sub-16
l,EBA,face_first,4.0,0.326057272868399,sub-16
l,EBA,face_noncom,4.0,0.313336800436844,sub-16
l,EBA,face_third,4.0,0.3117373534175958,sub-16
l,EBA,ind,4.0,0.4411717667291401,sub-16
l,EBA,interact,1.5,0.6894776466917673,sub-16
l,EBA,noninteract,1.5,0.8734403173932371,sub-16
l,EBA,object,4.0,0.4384015015033795,sub-16
l,EBA,photo,0.5,-0.1114796526233071,sub-16
l,EBA,phy,4.0,0.9229848961200078,sub-16
l,EVC,belief,0.5,2.2013301319292555,sub-16
l,EVC,body,4.0,3.224921533670664,sub-16
l,EVC,com_ind,4.0,3.879367215454241,sub-16
l,EVC,com_phy,4.0,3.809721997806176,sub-16
l,EVC,face_first,4.0,3.553038303733183,sub-16
l,EVC,face_noncom,4.0,3.0791970379506632,sub-16
l,EVC,face_third,4.0,3.3074827490080394,sub-16
l,EVC,ind,4.0,3.455384709550586,sub-16
l,EVC,interact,1.5,1.4913887120489788,sub-16
l,EVC,noninteract,1.5,2.2101332144854857,sub-16
l,EVC,object,4.0,3.175438856186082,sub-16
l,EVC,photo,0.5,2.2748438156924493,sub-16
l,EVC,phy,4.0,3.5971217239207145,sub-16
l,FFA,belief,0.5,1.222122504639085,sub-16
l,FFA,body,4.0,0.3841386530190874,sub-16
l,FFA,com_ind,4.0,0.383232531819311,sub-16
l,FFA,com_phy,4.0,0.5455489001621044,sub-16
l,FFA,face_first,4.0,0.8727777429390886,sub-16
l,FFA,face_noncom,4.0,0.4798349617723036,sub-16
l,FFA,face_third,4.0,0.7447621374702375,sub-16
l,FFA,ind,4.0,0.4855940433280253,sub-16
l,FFA,interact,1.5,-0.0244623468115813,sub-16
l,FFA,noninteract,1.5,0.1713181810150337,sub-16
l,FFA,object,4.0,0.3075158627660027,sub-16
l,FFA,photo,0.5,1.0440098922105974,sub-16
l,FFA,phy,4.0,0.4662483303910094,sub-16
l,MT,belief,0.5,1.1007244730513253,sub-16
l,MT,body,4.0,1.9518475470726395,sub-16
l,MT,com_ind,4.0,1.6901602609212982,sub-16
l,MT,com_phy,4.0,2.123140838395853,sub-16
l,MT,face_first,4.0,1.5050448313238622,sub-16
l,MT,face_noncom,4.0,1.4282147249605104,sub-16
l,MT,face_third,4.0,1.400981325538622,sub-16
l,MT,ind,4.0,1.2649024907277868,sub-16
l,MT,interact,1.5,1.5690681235181747,sub-16
l,MT,noninteract,1.5,1.9428027376450647,sub-16
l,MT,object,4.0,1.6765574467155122,sub-16
l,MT,photo,0.5,1.175173739900419,sub-16
l,MT,phy,4.0,2.077547329696696,sub-16
l,SI-STS,belief,0.5,0.4789790498641175,sub-16
l,SI-STS,body,1.5,-0.1132411204304721,sub-16
l,SI-STS,com_ind,1.5,-0.0561575739400593,sub-16
l,SI-STS,com_phy,1.5,-0.0269970081592935,sub-16
l,SI-STS,face_first,1.5,-0.0501100199354188,sub-16
l,SI-STS,face_noncom,1.5,-0.1628982578883154,sub-16
l,SI-STS,face_third,1.5,0.0700633059992035,sub-16
l,SI-STS,ind,1.5,0.0286884061067967,sub-16
l,SI-STS,interact,1.5,-0.0247396736333092,sub-16
l,SI-STS,noninteract,1.5,-0.0466985553656658,sub-16
l,SI-STS,object,1.5,-0.2917380459548048,sub-16
l,SI-STS,photo,0.5,0.3198162270941096,sub-16
l,SI-STS,phy,1.5,-0.0397631130124112,sub-16
l,TPJ,belief,0.5,0.7595124355076964,sub-16
l,TPJ,body,0.5,0.1309785854871222,sub-16
l,TPJ,com_ind,0.5,0.0626710115310841,sub-16
l,TPJ,com_phy,0.5,0.012922923640331,sub-16
l,TPJ,face_first,0.5,-0.0442373945318851,sub-16
l,TPJ,face_noncom,0.5,0.0402185630729364,sub-16
l,TPJ,face_third,0.5,0.0720217240525006,sub-16
l,TPJ,ind,0.5,0.0185009404932307,sub-16
l,TPJ,interact,0.5,0.0318444058957617,sub-16
l,TPJ,noninteract,0.5,0.0832282383222928,sub-16
l,TPJ,object,0.5,-0.2708625708780081,sub-16
l,TPJ,photo,0.5,0.5426531269825702,sub-16
l,TPJ,phy,0.5,-0.0961544109877048,sub-16
l,fSTS,belief,0.5,0.5764452252743456,sub-16
l,fSTS,body,4.0,-0.1308580330200071,sub-16
l,fSTS,com_ind,4.0,-0.0589602685781815,sub-16
l,fSTS,com_phy,4.0,0.0464936675691138,sub-16
l,fSTS,face_first,4.0,0.1391190155131006,sub-16
l,fSTS,face_noncom,4.0,-0.0360976785755087,sub-16
l,fSTS,face_third,4.0,0.0746953213734092,sub-16
l,fSTS,ind,4.0,0.0054068913481868,sub-16
l,fSTS,interact,1.5,-0.0885309757817282,sub-16
l,fSTS,noninteract,1.5,-0.0490987711475023,sub-16
l,fSTS,object,4.0,0.0178666345094925,sub-16
l,fSTS,photo,0.5,0.5043163128619792,sub-16
l,fSTS,phy,4.0,-0.0679702630786669,sub-16
r,EBA,belief,0.5,-0.6217708159541593,sub-16
r,EBA,body,4.0,1.433549870151538,sub-16
r,EBA,com_ind,4.0,1.1579090098032176,sub-16
r,EBA,com_phy,4.0,1.679562110211611,sub-16
r,EBA,face_first,4.0,0.63079613888997,sub-16
r,EBA,face_noncom,4.0,0.9968984746973232,sub-16
r,EBA,face_third,4.0,0.8399100924496167,sub-16
r,EBA,ind,4.0,0.8076171459032451,sub-16
r,EBA,interact,1.5,1.253440391417762,sub-16
r,EBA,noninteract,1.5,1.1184497331702312,sub-16
r,EBA,object,4.0,0.4832144494440387,sub-16
r,EBA,photo,0.5,-0.5030974383605551,sub-16
r,EBA,phy,4.0,1.2117393722568293,sub-16
r,EVC,belief,0.5,1.0628772924672858,sub-16
r,EVC,body,4.0,1.7866351506052995,sub-16
r,EVC,com_ind,4.0,2.294672566518891,sub-16
r,EVC,com_phy,4.0,2.355965938987292,sub-16
r,EVC,face_first,4.0,2.260890880267304,sub-16
r,EVC,face_noncom,4.0,1.941026953849705,sub-16
r,EVC,face_third,4.0,2.003349177246003,sub-16
r,EVC,ind,4.0,2.137386887805639,sub-16
r,EVC,interact,1.5,0.9525946999099132,sub-16
r,EVC,noninteract,1.5,1.333792058625391,sub-16
r,EVC,object,4.0,2.1517306568036,sub-16
r,EVC,photo,0.5,1.106505768157778,sub-16
r,EVC,phy,4.0,2.114613301680675,sub-16
r,FFA,belief,0.5,0.2537568618144448,sub-16
r,FFA,body,4.0,0.7082205761629305,sub-16
r,FFA,com_ind,4.0,1.2328414976257571,sub-16
r,FFA,com_phy,4.0,1.3137255727658836,sub-16
r,FFA,face_first,4.0,1.6580974699487574,sub-16
r,FFA,face_noncom,4.0,1.3319249123245815,sub-16
r,FFA,face_third,4.0,1.6308888885114077,sub-16
r,FFA,ind,4.0,1.0966234788067402,sub-16
r,FFA,interact,1.5,0.4850396998130278,sub-16
r,FFA,noninteract,1.5,0.5348339423338041,sub-16
r,FFA,object,4.0,0.3709719947502877,sub-16
r,FFA,photo,0.5,0.1422824194474766,sub-16
r,FFA,phy,4.0,0.9646719767052688,sub-16
r,MT,belief,0.5,-0.5554584977684733,sub-16
r,MT,body,4.0,2.245804483366532,sub-16
r,MT,com_ind,4.0,2.2078064428235,sub-16
r,MT,com_phy,4.0,2.687370208346457,sub-16
r,MT,face_first,4.0,1.6385046150806917,sub-16
r,MT,face_noncom,4.0,1.7748761127649468,sub-16
r,MT,face_third,4.0,1.6740395570072424,sub-16
r,MT,ind,4.0,1.7644858411510038,sub-16
r,MT,interact,1.5,1.932525996638782,sub-16
r,MT,noninteract,1.5,1.96184204340247,sub-16
r,MT,object,4.0,1.523721973228231,sub-16
r,MT,photo,0.5,-0.3348721935189236,sub-16
r,MT,phy,4.0,2.563592687789156,sub-16
r,SI-STS,belief,0.5,0.4417883451928911,sub-16
r,SI-STS,body,1.5,0.3537240085917936,sub-16
r,SI-STS,com_ind,1.5,0.5648031093133146,sub-16
r,SI-STS,com_phy,1.5,0.6874688011469734,sub-16
r,SI-STS,face_first,1.5,0.714342363201709,sub-16
r,SI-STS,face_noncom,1.5,0.2493716474059892,sub-16
r,SI-STS,face_third,1.5,0.5944951632699972,sub-16
r,SI-STS,ind,1.5,0.4374211265038882,sub-16
r,SI-STS,interact,1.5,0.77020448639237,sub-16
r,SI-STS,noninteract,1.5,0.5210780055225142,sub-16
r,SI-STS,object,1.5,0.2937400977884356,sub-16
r,SI-STS,photo,0.5,0.141905074883706,sub-16
r,SI-STS,phy,1.5,0.3546769650417903,sub-16
r,TPJ,belief,0.5,0.8478311585871793,sub-16
r,TPJ,body,0.5,0.2873015029105709,sub-16
r,TPJ,com_ind,0.5,0.1706317709055468,sub-16
r,TPJ,com_phy,0.5,0.2587087284092028,sub-16
r,TPJ,face_first,0.5,0.2940214046091352,sub-16
r,TPJ,face_noncom,0.5,0.0750272503034251,sub-16
r,TPJ,face_third,0.5,0.3623191703038516,sub-16
r,TPJ,ind,0.5,0.2323202074546347,sub-16
r,TPJ,interact,0.5,0.1262108658975623,sub-16
r,TPJ,noninteract,0.5,0.1425501416714804,sub-16
r,TPJ,object,0.5,-0.1845639644106899,sub-16
r,TPJ,photo,0.5,0.3706254092668399,sub-16
r,TPJ,phy,0.5,0.0380777156659229,sub-16
r,fSTS,belief,0.5,0.7645975548748309,sub-16
r,fSTS,body,4.0,-0.0147142570687241,sub-16
r,fSTS,com_ind,4.0,-0.0133721479170962,sub-16
r,fSTS,com_phy,4.0,0.0390394661306234,sub-16
r,fSTS,face_first,4.0,0.2024174177506542,sub-16
r,fSTS,face_noncom,4.0,-0.024663243461468,sub-16
r,fSTS,face_third,4.0,0.2376146851993528,sub-16
r,fSTS,ind,4.0,-0.0458462610860713,sub-16
r,fSTS,interact,1.5,0.1026163187156234,sub-16
r,fSTS,noninteract,1.5,0.0184650935961261,sub-16
r,fSTS,object,4.0,0.0035029598360582,sub-16
r,fSTS,photo,0.5,0.4230550280352575,sub-16
r,fSTS,phy,4.0,-0.1144340848095504,sub-16
l,EBA,body,4.0,1.1133482149188754,sub-20
l,EBA,com_ind,4.0,0.752707912275663,sub-20
l,EBA,com_phy,4.0,1.1024844632084043,sub-20
l,EBA,face_first,4.0,0.3745606528113748,sub-20
l,EBA,face_noncom,4.0,0.6771354177959344,sub-20
l,EBA,face_third,4.0,0.3642593375289032,sub-20
l,EBA,ind,4.0,0.5155699157958487,sub-20
l,EBA,interact,1.5,0.846701823551061,sub-20
l,EBA,noninteract,1.5,1.0364937128850316,sub-20
l,EBA,object,4.0,0.5296570963488063,sub-20
l,EBA,phy,4.0,1.451800390220109,sub-20
l,EVC,body,4.0,3.0206000022959985,sub-20
l,EVC,com_ind,4.0,3.118426842959636,sub-20
l,EVC,com_phy,4.0,2.832158050220898,sub-20
l,EVC,face_first,4.0,3.065911376919729,sub-20
l,EVC,face_noncom,4.0,3.1245086195749763,sub-20
l,EVC,face_third,4.0,2.8518237991428617,sub-20
l,EVC,ind,4.0,2.67694695157218,sub-20
l,EVC,interact,1.5,0.6975039309372633,sub-20
l,EVC,noninteract,1.5,1.036385796934007,sub-20
l,EVC,object,4.0,3.0531660014407205,sub-20
l,EVC,phy,4.0,3.232499938406693,sub-20
l,FFA,body,4.0,0.2886490974203313,sub-20
l,FFA,com_ind,4.0,0.8410704346686524,sub-20
l,FFA,com_phy,4.0,0.8039002209117241,sub-20
l,FFA,face_first,4.0,1.323508108823813,sub-20
l,FFA,face_noncom,4.0,1.0759024410964992,sub-20
l,FFA,face_third,4.0,0.9666056302323912,sub-20
l,FFA,ind,4.0,0.6426692225185209,sub-20
l,FFA,interact,1.5,-0.1335861126628409,sub-20
l,FFA,noninteract,1.5,-0.0657666065035324,sub-20
l,FFA,object,4.0,0.4556923322937135,sub-20
l,FFA,phy,4.0,0.7613346509049383,sub-20
l,MT,body,4.0,2.079799278978788,sub-20
l,MT,com_ind,4.0,1.877917741405737,sub-20
l,MT,com_phy,4.0,2.2146431137387173,sub-20
l,MT,face_first,4.0,1.5203029965786574,sub-20
l,MT,face_noncom,4.0,1.948863694916916,sub-20
l,MT,face_third,4.0,1.4110588100322228,sub-20
l,MT,ind,4.0,1.4965406568480004,sub-20
l,MT,interact,1.5,1.61133570173547,sub-20
l,MT,noninteract,1.5,1.9305325144456005,sub-20
l,MT,object,4.0,1.8068618463689392,sub-20
l,MT,phy,4.0,2.47261700229522,sub-20
l,SI-STS,body,1.5,-0.0907311737590501,sub-20
l,SI-STS,com_ind,1.5,0.2728610655168313,sub-20
l,SI-STS,com_phy,1.5,0.2692937102064321,sub-20
l,SI-STS,face_first,1.5,0.4992714081496498,sub-20
l,SI-STS,face_noncom,1.5,0.3733036450160423,sub-20
l,SI-STS,face_third,1.5,0.3176749645621459,sub-20
l,SI-STS,ind,1.5,-0.1066655970386663,sub-20
l,SI-STS,interact,1.5,0.1021344449363547,sub-20
l,SI-STS,noninteract,1.5,-0.050459626867078,sub-20
l,SI-STS,object,1.5,-0.0499782686705651,sub-20
l,SI-STS,phy,1.5,0.1074209076556927,sub-20
l,fSTS,body,4.0,0.0181211533001608,sub-20
l,fSTS,com_ind,4.0,0.0923510058636892,sub-20
l,fSTS,com_phy,4.0,0.1985600706271963,sub-20
l,fSTS,face_first,4.0,0.2607154804334569,sub-20
l,fSTS,face_noncom,4.0,0.1756773295129824,sub-20
l,fSTS,face_third,4.0,0.105309377638847,sub-20
l,fSTS,ind,4.0,0.0255456133753753,sub-20
l,fSTS,interact,1.5,0.1958684692687425,sub-20
l,fSTS,noninteract,1.5,0.1110175273070418,sub-20
l,fSTS,object,4.0,0.1201412249271178,sub-20
l,fSTS,phy,4.0,0.0562985372133631,sub-20
r,EBA,body,4.0,1.086926715463014,sub-20
r,EBA,com_ind,4.0,0.8304322660068592,sub-20
r,EBA,com_phy,4.0,1.219527097281607,sub-20
r,EBA,face_first,4.0,0.5959094720223348,sub-20
r,EBA,face_noncom,4.0,0.6527800504372883,sub-20
r,EBA,face_third,4.0,0.5716209940691231,sub-20
r,EBA,ind,4.0,0.6905448626538531,sub-20
r,EBA,interact,1.5,1.0790633137658352,sub-20
r,EBA,noninteract,1.5,1.1542384549029947,sub-20
r,EBA,object,4.0,0.6667971400147551,sub-20
r,EBA,phy,4.0,1.3067988955089933,sub-20
r,EVC,body,4.0,3.1548934466154974,sub-20
r,EVC,com_ind,4.0,3.200610937304481,sub-20
r,EVC,com_phy,4.0,3.322106124714923,sub-20
r,EVC,face_first,4.0,2.838981278947708,sub-20
r,EVC,face_noncom,4.0,3.029391118531794,sub-20
r,EVC,face_third,4.0,2.7195868107091,sub-20
r,EVC,ind,4.0,2.8901441989288337,sub-20
r,EVC,interact,1.5,0.989917547772146,sub-20
r,EVC,noninteract,1.5,1.1399828043465747,sub-20
r,EVC,object,4.0,3.865450330909271,sub-20
r,EVC,phy,4.0,3.665415505192304,sub-20
r,FFA,body,4.0,0.5353165188445764,sub-20
r,FFA,com_ind,4.0,1.0071518540225932,sub-20
r,FFA,com_phy,4.0,1.0702531267786173,sub-20
r,FFA,face_first,4.0,1.2783386360467173,sub-20
r,FFA,face_noncom,4.0,1.151218848681249,sub-20
r,FFA,face_third,4.0,0.9728668183784014,sub-20
r,FFA,ind,4.0,0.8098003062029517,sub-20
r,FFA,interact,1.5,0.2007411591063955,sub-20
r,FFA,noninteract,1.5,0.1650699613896858,sub-20
r,FFA,object,4.0,0.6232227296853617,sub-20
r,FFA,phy,4.0,1.104859838862264,sub-20
r,MT,body,4.0,2.6997617278411505,sub-20
r,MT,com_ind,4.0,2.263134014064186,sub-20
r,MT,com_phy,4.0,2.855770202946419,sub-20
r,MT,face_first,4.0,1.694516760640451,sub-20
r,MT,face_noncom,4.0,1.9875273393648587,sub-20
r,MT,face_third,4.0,1.761955658493856,sub-20
r,MT,ind,4.0,1.930668230322792,sub-20
r,MT,interact,1.5,2.5694720478521296,sub-20
r,MT,noninteract,1.5,2.8340054191040607,sub-20
r,MT,object,4.0,2.21743828271545,sub-20
r,MT,phy,4.0,3.0282036921342788,sub-20
r,SI-STS,body,1.5,0.4298238021715937,sub-20
r,SI-STS,com_ind,1.5,0.3612520653802646,sub-20
r,SI-STS,com_phy,1.5,0.3922061140078442,sub-20
r,SI-STS,face_first,1.5,1.039076211682885,sub-20
r,SI-STS,face_noncom,1.5,0.651302644189671,sub-20
r,SI-STS,face_third,1.5,0.4790883655731508,sub-20
r,SI-STS,ind,1.5,-0.0917728659113232,sub-20
r,SI-STS,interact,1.5,0.18886950105231,sub-20
r,SI-STS,noninteract,1.5,-0.1677450064770963,sub-20
r,SI-STS,object,1.5,0.107096862890109,sub-20
r,SI-STS,phy,1.5,0.4395068731649719,sub-20
r,fSTS,body,4.0,0.0466916685815674,sub-20
r,fSTS,com_ind,4.0,0.0741177296908184,sub-20
r,fSTS,com_phy,4.0,0.1553067859966159,sub-20
r,fSTS,face_first,4.0,0.3384396178937179,sub-20
r,fSTS,face_noncom,4.0,0.0825080926173272,sub-20
r,fSTS,face_third,4.0,0.2222985192169785,sub-20
r,fSTS,ind,4.0,0.0262399996287941,sub-20
r,fSTS,interact,1.5,0.0921169910355475,sub-20
r,fSTS,noninteract,1.5,-0.0333708211551632,sub-20
r,fSTS,object,4.0,0.0469639346740855,sub-20
r,fSTS,phy,4.0,0.0525976785385385,sub-20
l,EBA,belief,0.5,0.1477595026641091,sub-23
l,EBA,body,4.0,0.6488072904405783,sub-23
l,EBA,com_ind,4.0,0.5984365813881602,sub-23
l,EBA,com_phy,4.0,0.8261235177037768,sub-23
l,EBA,face_first,4.0,0.1825060743560155,sub-23
l,EBA,face_noncom,4.0,0.4218554303740294,sub-23
l,EBA,face_third,4.0,0.2248637525257149,sub-23
l,EBA,ind,4.0,0.5708451102597505,sub-23
l,EBA,interact,1.5,0.7024071867178009,sub-23
l,EBA,noninteract,1.5,0.5127901995042001,sub-23
l,EBA,object,4.0,0.0429662908286418,sub-23
l,EBA,photo,0.5,-0.0558207322058509,sub-23
l,EBA,phy,4.0,0.7651002822205383,sub-23
l,EVC,belief,0.5,1.1322637056538167,sub-23
l,EVC,body,4.0,2.3006490431965543,sub-23
l,EVC,com_ind,4.0,2.754603149443493,sub-23
l,EVC,com_phy,4.0,2.6190271910486262,sub-23
l,EVC,face_first,4.0,2.5132302978059964,sub-23
l,EVC,face_noncom,4.0,2.509334791568904,sub-23
l,EVC,face_third,4.0,2.4218591378995407,sub-23
l,EVC,ind,4.0,2.589711290861174,sub-23
l,EVC,interact,1.5,0.8861386644734845,sub-23
l,EVC,noninteract,1.5,1.0435951583348435,sub-23
l,EVC,object,4.0,2.2286802840730844,sub-23
l,EVC,photo,0.5,1.1912325993878574,sub-23
l,EVC,phy,4.0,2.6173575566237424,sub-23
l,FFA,belief,0.5,0.6639108008194778,sub-23
l,FFA,body,4.0,0.6604471113317574,sub-23
l,FFA,com_ind,4.0,0.9597507162536388,sub-23
l,FFA,com_phy,4.0,1.0231411459950412,sub-23
l,FFA,face_first,4.0,0.9965466873989792,sub-23
l,FFA,face_noncom,4.0,1.1233679336922533,sub-23
l,FFA,face_third,4.0,0.9801842396561186,sub-23
l,FFA,ind,4.0,0.8789751950181137,sub-23
l,FFA,interact,1.5,0.4200745214075395,sub-23
l,FFA,noninteract,1.5,0.3947916355656061,sub-23
l,FFA,object,4.0,0.524770542101182,sub-23
l,FFA,photo,0.5,0.6674787958792237,sub-23
l,FFA,phy,4.0,0.947364743095961,sub-23
l,MT,belief,0.5,0.2505762694965026,sub-23
l,MT,body,4.0,2.5194996949259707,sub-23
l,MT,com_ind,4.0,2.498319234480304,sub-23
l,MT,com_phy,4.0,2.82418706433884,sub-23
l,MT,face_first,4.0,1.4490166476970872,sub-23
l,MT,face_noncom,4.0,2.484008758192644,sub-23
l,MT,face_third,4.0,1.6842527219715304,sub-23
l,MT,ind,4.0,2.1488295600400686,sub-23
l,MT,interact,1.5,1.9175373036743548,sub-23
l,MT,noninteract,1.5,1.994147436547552,sub-23
l,MT,object,4.0,1.8206394512675248,sub-23
l,MT,photo,0.5,0.2896269103028835,sub-23
l,MT,phy,4.0,2.76804607146004,sub-23
l,SI-STS,belief,0.5,0.913199625906024,sub-23
l,SI-STS,body,1.5,0.032458848313948,sub-23
l,SI-STS,com_ind,1.5,0.1292532405569213,sub-23
l,SI-STS,com_phy,1.5,0.2038547287615287,sub-23
l,SI-STS,face_first,1.5,0.1250032288116954,sub-23
l,SI-STS,face_noncom,1.5,-0.0619593035046352,sub-23
l,SI-STS,face_third,1.5,0.0687253807527722,sub-23
l,SI-STS,ind,1.5,-0.0525750486979512,sub-23
l,SI-STS,interact,1.5,0.4679519794325305,sub-23
l,SI-STS,noninteract,1.5,0.0820666874010933,sub-23
l,SI-STS,object,1.5,-0.06042195833499,sub-23
l,SI-STS,photo,0.5,0.6148972823339338,sub-23
l,SI-STS,phy,1.5,-0.0570062793652979,sub-23
l,TPJ,belief,0.5,0.4448633189481338,sub-23
l,TPJ,body,0.5,-0.0331066221151316,sub-23
l,TPJ,com_ind,0.5,-0.1996748952376661,sub-23
l,TPJ,com_phy,0.5,-0.1213067272993069,sub-23
l,TPJ,face_first,0.5,0.0107365694831248,sub-23
l,TPJ,face_noncom,0.5,-0.2665971724365254,sub-23
l,TPJ,face_third,0.5,-0.2429574338730895,sub-23
l,TPJ,ind,0.5,-0.2269328897693326,sub-23
l,TPJ,interact,0.5,0.1225688511746952,sub-23
l,TPJ,noninteract,0.5,-0.2014909647961403,sub-23
l,TPJ,object,0.5,-0.3663923521440894,sub-23
l,TPJ,photo,0.5,0.1073331197780741,sub-23
l,TPJ,phy,0.5,-0.123383773319145,sub-23
l,fSTS,belief,0.5,0.4122759251081269,sub-23
l,fSTS,body,4.0,0.1809939599326819,sub-23
l,fSTS,com_ind,4.0,0.4148466873195313,sub-23
l,fSTS,com_phy,4.0,0.4803354281997784,sub-23
l,fSTS,face_first,4.0,0.6983201805706309,sub-23
l,fSTS,face_noncom,4.0,0.202961073283847,sub-23
l,fSTS,face_third,4.0,0.6997459611106981,sub-23
l,fSTS,ind,4.0,0.1432100321439343,sub-23
l,fSTS,interact,1.5,0.4223725145127435,sub-23
l,fSTS,noninteract,1.5,0.2185563891873533,sub-23
l,fSTS,object,4.0,0.050079700513878,sub-23
l,fSTS,photo,0.5,0.3875544691274099,sub-23
l,fSTS,phy,4.0,0.1981731276749222,sub-23
r,EBA,belief,0.5,-0.0297075549798495,sub-23
r,EBA,body,4.0,1.3395690132906342,sub-23
r,EBA,com_ind,4.0,1.0098405923651517,sub-23
r,EBA,com_phy,4.0,1.4125999450982312,sub-23
r,EBA,face_first,4.0,0.6341953507281516,sub-23
r,EBA,face_noncom,4.0,1.0620303631252124,sub-23
r,EBA,face_third,4.0,0.6683462007805753,sub-23
r,EBA,ind,4.0,0.9468650395995988,sub-23
r,EBA,interact,1.5,1.1423763970754806,sub-23
r,EBA,noninteract,1.5,1.0888170410330753,sub-23
r,EBA,object,4.0,0.633731575245173,sub-23
r,EBA,photo,0.5,-0.1707154099260589,sub-23
r,EBA,phy,4.0,1.288073485656867,sub-23
r,EVC,belief,0.5,1.270024707185575,sub-23
r,EVC,body,4.0,1.8725399861356435,sub-23
r,EVC,com_ind,4.0,2.586232488304,sub-23
r,EVC,com_phy,4.0,2.4560728208120954,sub-23
r,EVC,face_first,4.0,2.104989294872758,sub-23
r,EVC,face_noncom,4.0,2.2367067157787823,sub-23
r,EVC,face_third,4.0,2.2147482380320533,sub-23
r,EVC,ind,4.0,2.4585568331320937,sub-23
r,EVC,interact,1.5,1.0557653104315048,sub-23
r,EVC,noninteract,1.5,1.284351655957848,sub-23
r,EVC,object,4.0,2.14284269969884,sub-23
r,EVC,photo,0.5,1.2390195895085614,sub-23
r,EVC,phy,4.0,2.3708558605022483,sub-23
r,FFA,belief,0.5,0.4042774933320099,sub-23
r,FFA,body,4.0,0.8288634196195525,sub-23
r,FFA,com_ind,4.0,1.5890386387397188,sub-23
r,FFA,com_phy,4.0,1.5316287302004843,sub-23
r,FFA,face_first,4.0,1.647342680095964,sub-23
r,FFA,face_noncom,4.0,1.724740500500162,sub-23
r,FFA,face_third,4.0,1.6440058909099962,sub-23
r,FFA,ind,4.0,1.499872812430886,sub-23
r,FFA,interact,1.5,0.591634153534973,sub-23
r,FFA,noninteract,1.5,0.5645914534321448,sub-23
r,FFA,object,4.0,0.5561537068988364,sub-23
r,FFA,photo,0.5,0.411164186013128,sub-23
r,FFA,phy,4.0,1.525147017683625,sub-23
r,MT,belief,0.5,0.1687115642282361,sub-23
r,MT,body,4.0,2.688495759354328,sub-23
r,MT,com_ind,4.0,2.5260181450125767,sub-23
r,MT,com_phy,4.0,2.761299862215508,sub-23
r,MT,face_first,4.0,1.7852791931397043,sub-23
r,MT,face_noncom,4.0,2.53772683746004,sub-23
r,MT,face_third,4.0,1.9386895224475824,sub-23
r,MT,ind,4.0,2.1568768872712907,sub-23
r,MT,interact,1.5,2.1232416630766853,sub-23
r,MT,noninteract,1.5,2.2691368739409445,sub-23
r,MT,object,4.0,2.208168155552475,sub-23
r,MT,photo,0.5,0.3282458713821849,sub-23
r,MT,phy,4.0,2.6542977356579507,sub-23
r,SI-STS,belief,0.5,0.9813520280646542,sub-23
r,SI-STS,body,1.5,-0.0798742166113558,sub-23
r,SI-STS,com_ind,1.5,0.4003044876348268,sub-23
r,SI-STS,com_phy,1.5,0.4790876158328243,sub-23
r,SI-STS,face_first,1.5,0.4456079799477586,sub-23
r,SI-STS,face_noncom,1.5,0.0589746085509743,sub-23
r,SI-STS,face_third,1.5,0.3159488401712206,sub-23
r,SI-STS,ind,1.5,0.1137071583264489,sub-23
r,SI-STS,interact,1.5,0.9150164977730072,sub-23
r,SI-STS,noninteract,1.5,0.1371356212920708,sub-23
r,SI-STS,object,1.5,-0.2783668667554297,sub-23
r,SI-STS,photo,0.5,0.3203741369155142,sub-23
r,SI-STS,phy,1.5,0.1952320376445809,sub-23
r,TPJ,belief,0.5,0.6889929062361633,sub-23
r,TPJ,body,0.5,0.1893674459110816,sub-23
r,TPJ,com_ind,0.5,0.2688979295918601,sub-23
r,TPJ,com_phy,0.5,0.3080999080304388,sub-23
r,TPJ,face_first,0.5,0.1960348367041262,sub-23
r,TPJ,face_noncom,0.5,0.0674835538884367,sub-23
r,TPJ,face_third,0.5,0.0826412062227723,sub-23
r,TPJ,ind,0.5,0.0855737428539777,sub-23
r,TPJ,interact,0.5,0.6029612741645428,sub-23
r,TPJ,noninteract,0.5,0.1380773129522634,sub-23
r,TPJ,object,0.5,-0.1039509384514467,sub-23
r,TPJ,photo,0.5,0.0158579313858123,sub-23
r,TPJ,phy,0.5,0.0816647039508152,sub-23
r,fSTS,belief,0.5,0.3531734682677776,sub-23
r,fSTS,body,4.0,0.3507547320804909,sub-23
r,fSTS,com_ind,4.0,0.7423816857823005,sub-23
r,fSTS,com_phy,4.0,0.7679502294110044,sub-23
r,fSTS,face_first,4.0,0.902345554117454,sub-23
r,fSTS,face_noncom,4.0,0.5390220401951936,sub-23
r,fSTS,face_third,4.0,0.8679458256909941,sub-23
r,fSTS,ind,4.0,0.3736084944221294,sub-23
r,fSTS,interact,1.5,0.6503179488620854,sub-23
r,fSTS,noninteract,1.5,0.3519642602512757,sub-23
r,fSTS,object,4.0,0.0708394357488639,sub-23
r,fSTS,photo,0.5,0.1855914439361505,sub-23
r,fSTS,phy,4.0,0.5102315840737831,sub-23
