subject,hemisphere,percent_threshold,n_odd_voxels,n_even_voxels,n_overlap_voxels,dice
1,left,0.05,220,220,43,0.1954545454545454
1,left,0.1,440,440,78,0.1772727272727272
1,left,0.2,881,881,175,0.1986379114642451
1,left,0.3,1321,1321,369,0.279333838001514
1,left,0.4,1762,1762,732,0.4154370034052213
1,left,0.5,2202,2202,1168,0.5304268846503178
1,left,0.6,2642,2446,1546,0.6077044025157232
1,left,0.7,2832,2446,1673,0.6339522546419099
1,left,0.8,2832,2446,1673,0.6339522546419099
1,left,0.9,2832,2446,1673,0.6339522546419099
1,left,1.0,2832,2446,1673,0.6339522546419099
1,right,0.05,196,196,32,0.1632653061224489
1,right,0.1,393,393,84,0.2137404580152671
1,right,0.2,786,786,231,0.2938931297709923
1,right,0.3,1179,1179,467,0.3960983884648006
1,right,0.4,1572,1572,749,0.4764631043256997
1,right,0.5,1964,1964,1102,0.5610997963340122
1,right,0.6,2310,2357,1506,0.6453824726805228
1,right,0.7,2310,2750,1732,0.6845849802371542
1,right,0.8,2310,3000,1865,0.7024482109227872
1,right,0.9,2310,3000,1865,0.7024482109227872
1,right,1.0,2310,3000,1865,0.7024482109227872
2,left,0.05,220,220,96,0.4363636363636363
2,left,0.1,440,440,182,0.4136363636363636
2,left,0.2,881,881,371,0.4211123723041998
2,left,0.3,1321,1321,614,0.4647993943981832
2,left,0.4,1762,1762,900,0.5107832009080591
2,left,0.5,2202,2202,1304,0.592188919164396
2,left,0.6,2642,2503,1709,0.6643343051506316
2,left,0.7,3072,2503,1931,0.6927354260089686
2,left,0.8,3072,2503,1931,0.6927354260089686
2,left,0.9,3072,2503,1931,0.6927354260089686
2,left,1.0,3072,2503,1931,0.6927354260089686
2,right,0.05,196,196,130,0.6632653061224489
2,right,0.1,393,393,258,0.6564885496183206
2,right,0.2,786,786,510,0.648854961832061
2,right,0.3,1179,1179,779,0.6607294317217981
2,right,0.4,1572,1572,1093,0.69529262086514
2,right,0.5,1964,1964,1439,0.7326883910386965
2,right,0.6,2357,2357,1804,0.7653797199830292
2,right,0.7,2750,2750,2199,0.7996363636363636
2,right,0.8,2809,3143,2472,0.8306451612903226
2,right,0.9,2809,3326,2571,0.8381418092909535
2,right,1.0,2809,3326,2571,0.8381418092909535
3,left,0.05,220,220,31,0.1409090909090909
3,left,0.1,440,440,61,0.1386363636363636
3,left,0.2,504,881,118,0.1703971119133574
3,left,0.3,504,1321,185,0.2027397260273972
3,left,0.4,504,1762,252,0.2224183583406884
3,left,0.5,504,2202,308,0.2276422764227642
3,left,0.6,504,2642,367,0.2333121424030514
3,left,0.7,504,3083,415,0.2313911346529133
3,left,0.8,504,3249,427,0.2275512922994937
3,left,0.9,504,3249,427,0.2275512922994937
3,left,1.0,504,3249,427,0.2275512922994937
3,right,0.05,196,196,46,0.2346938775510204
3,right,0.1,393,393,107,0.272264631043257
3,right,0.2,786,786,275,0.3498727735368956
3,right,0.3,1071,1179,458,0.4071111111111111
3,right,0.4,1071,1572,605,0.4578130911842603
3,right,0.5,1071,1964,706,0.4652388797364085
3,right,0.6,1071,2357,795,0.4638273045507584
3,right,0.7,1071,2750,876,0.4585187123789584
3,right,0.8,1071,3097,948,0.45489443378119
3,right,0.9,1071,3097,948,0.45489443378119
3,right,1.0,1071,3097,948,0.45489443378119
4,left,0.05,220,220,23,0.1045454545454545
4,left,0.1,440,440,68,0.1545454545454545
4,left,0.2,881,881,175,0.1986379114642451
4,left,0.3,1321,1321,359,0.2717638152914459
4,left,0.4,1762,1762,631,0.3581157775255391
4,left,0.5,2202,1923,871,0.4223030303030303
4,left,0.6,2642,1923,1077,0.4718510405257393
4,left,0.7,3083,1923,1284,0.512984418697563
4,left,0.8,3523,1923,1497,0.5497612926918839
4,left,0.9,3797,1923,1627,0.5688811188811189
4,left,1.0,3797,1923,1627,0.5688811188811189
4,right,0.05,196,196,28,0.1428571428571428
4,right,0.1,393,393,83,0.2111959287531806
4,right,0.2,786,786,196,0.2493638676844783
4,right,0.3,1179,1004,297,0.2721026110856619
4,right,0.4,1572,1004,349,0.2709627329192546
4,right,0.5,1964,1004,412,0.2776280323450135
4,right,0.6,2357,1004,506,0.3011008628384409
4,right,0.7,2750,1004,612,0.32605221097496
4,right,0.8,3143,1004,730,0.3520617313720762
4,right,0.9,3536,1004,857,0.3775330396475771
4,right,1.0,3791,1004,939,0.3916579770594369
5,left,0.05,220,220,132,0.6
5,left,0.1,440,440,253,0.575
5,left,0.2,881,881,507,0.5754824063564131
5,left,0.3,1321,1321,788,0.5965177895533686
5,left,0.4,1762,1762,1134,0.6435868331441543
5,left,0.5,2202,2202,1505,0.6834695731153497
5,left,0.6,2642,2642,1967,0.7445117335352006
5,left,0.7,3083,2653,2167,0.7555788005578801
5,left,0.8,3171,2653,2203,0.7565247252747253
5,left,0.9,3171,2653,2203,0.7565247252747253
5,left,1.0,3171,2653,2203,0.7565247252747253
5,right,0.05,196,196,127,0.6479591836734694
5,right,0.1,393,393,271,0.6895674300254453
5,right,0.2,786,786,567,0.7213740458015268
5,right,0.3,1179,1179,851,0.7217981340118744
5,right,0.4,1572,1572,1175,0.7474554707379135
5,right,0.5,1964,1964,1519,0.7734215885947047
5,right,0.6,2357,2357,1865,0.7912600763682648
5,right,0.7,2750,2750,2246,0.8167272727272727
5,right,0.8,3143,2784,2478,0.8361734435633541
5,right,0.9,3536,2784,2653,0.8395569620253165
5,right,1.0,3538,2784,2653,0.8392913634925656
7,left,0.05,220,220,43,0.1954545454545454
7,left,0.1,440,440,122,0.2772727272727273
7,left,0.2,881,881,339,0.3847900113507378
7,left,0.3,1321,1321,573,0.4337623012869038
7,left,0.4,1762,1762,865,0.4909194097616345
7,left,0.5,2202,2202,1214,0.5513169845594914
7,left,0.6,2642,2353,1537,0.6154154154154154
7,left,0.7,3083,2353,1791,0.6589403973509934
7,left,0.8,3523,2353,2001,0.681075561606535
7,left,0.9,3686,2353,2083,0.6898493128001325
7,left,1.0,3686,2353,2083,0.6898493128001325
7,right,0.05,196,196,34,0.173469387755102
7,right,0.1,393,393,95,0.2417302798982188
7,right,0.2,786,786,249,0.3167938931297709
7,right,0.3,1179,1179,423,0.3587786259541984
7,right,0.4,1572,1572,678,0.4312977099236641
7,right,0.5,1964,1964,1020,0.5193482688391039
7,right,0.6,2357,2316,1419,0.6073186389899422
7,right,0.7,2750,2316,1651,0.6517962889853928
7,right,0.8,3143,2316,1903,0.6971972888807474
7,right,0.9,3536,2316,2129,0.7276144907723855
7,right,1.0,3809,2316,2293,0.748734693877551
8,left,0.05,220,220,35,0.1590909090909091
8,left,0.1,440,440,74,0.1681818181818181
8,left,0.2,881,881,186,0.2111237230419977
8,left,0.3,1172,1321,318,0.2551143200962695
8,left,0.4,1172,1762,449,0.3060668029993183
8,left,0.5,1172,2095,550,0.3367003367003367
8,left,0.6,1172,2095,550,0.3367003367003367
8,left,0.7,1172,2095,550,0.3367003367003367
8,left,0.8,1172,2095,550,0.3367003367003367
8,left,0.9,1172,2095,550,0.3367003367003367
8,left,1.0,1172,2095,550,0.3367003367003367
8,right,0.05,196,196,0,0.0
8,right,0.1,393,393,19,0.0483460559796437
8,right,0.2,786,786,93,0.1183206106870229
8,right,0.3,1179,1179,225,0.1908396946564885
8,right,0.4,1572,1572,439,0.2792620865139949
8,right,0.5,1833,1964,678,0.3571240452989202
8,right,0.6,1833,2135,758,0.3820564516129032
8,right,0.7,1833,2135,758,0.3820564516129032
8,right,0.8,1833,2135,758,0.3820564516129032
8,right,0.9,1833,2135,758,0.3820564516129032
8,right,1.0,1833,2135,758,0.3820564516129032
9,left,0.05,220,220,73,0.3318181818181818
9,left,0.1,440,440,146,0.3318181818181818
9,left,0.2,881,881,349,0.3961407491486947
9,left,0.3,1321,1321,588,0.445117335352006
9,left,0.4,1762,1762,924,0.5244040862656073
9,left,0.5,2202,2202,1330,0.6039963669391463
9,left,0.6,2642,2642,1805,0.6831945495836488
9,left,0.7,3083,3083,2329,0.7554330197859228
9,left,0.8,3375,3219,2631,0.7979981801637852
9,left,0.9,3375,3219,2631,0.7979981801637852
9,left,1.0,3375,3219,2631,0.7979981801637852
9,right,0.05,196,196,107,0.5459183673469388
9,right,0.1,393,393,213,0.5419847328244275
9,right,0.2,786,786,439,0.5585241730279898
9,right,0.3,1179,1179,691,0.5860899067005937
9,right,0.4,1572,1572,960,0.6106870229007634
9,right,0.5,1964,1964,1274,0.6486761710794298
9,right,0.6,2357,2357,1677,0.7114976665252439
9,right,0.7,2750,2750,2159,0.7850909090909091
9,right,0.8,3143,3143,2739,0.8714603881641744
9,right,0.9,3278,3256,2952,0.9035812672176308
9,right,1.0,3278,3256,2952,0.9035812672176308
11,left,0.05,220,220,133,0.6045454545454545
11,left,0.1,440,440,285,0.6477272727272727
11,left,0.2,881,881,604,0.6855845629965948
11,left,0.3,1321,1321,922,0.6979560938682816
11,left,0.4,1762,1762,1271,0.7213393870601589
11,left,0.5,2202,2202,1622,0.7366030881017257
11,left,0.6,2642,2642,2036,0.7706283118849356
11,left,0.7,3083,2892,2407,0.8056903765690376
11,left,0.8,3523,2892,2628,0.8193296960249415
11,left,0.9,3640,2892,2680,0.8205756276791182
11,left,1.0,3640,2892,2680,0.8205756276791182
11,right,0.05,196,196,142,0.7244897959183674
11,right,0.1,393,393,276,0.7022900763358778
11,right,0.2,786,786,583,0.7417302798982188
11,right,0.3,1179,1179,925,0.7845631891433418
11,right,0.4,1572,1572,1252,0.7964376590330788
11,right,0.5,1964,1964,1576,0.8024439918533605
11,right,0.6,2357,2357,1923,0.8158676283411116
11,right,0.7,2750,2750,2297,0.8352727272727273
11,right,0.8,3132,3103,2699,0.8657578187650361
11,right,0.9,3132,3103,2699,0.8657578187650361
11,right,1.0,3132,3103,2699,0.8657578187650361
12,left,0.05,220,220,126,0.5727272727272728
12,left,0.1,440,440,279,0.634090909090909
12,left,0.2,881,881,555,0.6299659477866061
12,left,0.3,1321,1321,833,0.6305828917486752
12,left,0.4,1762,1762,1123,0.6373439273552781
12,left,0.5,2202,2202,1477,0.6707538601271571
12,left,0.6,2642,2642,1900,0.7191521574564723
12,left,0.7,2985,2664,2090,0.7399539741547176
12,left,0.8,2985,2664,2090,0.7399539741547176
12,left,0.9,2985,2664,2090,0.7399539741547176
12,left,1.0,2985,2664,2090,0.7399539741547176
12,right,0.05,196,196,127,0.6479591836734694
12,right,0.1,393,393,236,0.6005089058524173
12,right,0.2,786,786,477,0.6068702290076335
12,right,0.3,1179,1179,736,0.6242578456318915
12,right,0.4,1572,1572,1020,0.648854961832061
12,right,0.5,1964,1964,1332,0.6782077393075356
12,right,0.6,2213,2357,1644,0.7194748358862144
12,right,0.7,2213,2599,1754,0.7290108063175395
12,right,0.8,2213,2599,1754,0.7290108063175395
12,right,0.9,2213,2599,1754,0.7290108063175395
12,right,1.0,2213,2599,1754,0.7290108063175395
13,left,0.05,218,220,10,0.045662100456621
13,left,0.1,218,440,21,0.0638297872340425
13,left,0.2,218,881,43,0.0782529572338489
13,left,0.3,218,1321,63,0.0818713450292397
13,left,0.4,218,1762,92,0.0929292929292929
13,left,0.5,218,1845,95,0.092098885118759
13,left,0.6,218,1845,95,0.092098885118759
13,left,0.7,218,1845,95,0.092098885118759
13,left,0.8,218,1845,95,0.092098885118759
13,left,0.9,218,1845,95,0.092098885118759
13,left,1.0,218,1845,95,0.092098885118759
13,right,0.05,149,196,10,0.0579710144927536
13,right,0.1,149,393,28,0.1033210332103321
13,right,0.2,149,786,58,0.1240641711229946
13,right,0.3,149,1027,75,0.1275510204081632
13,right,0.4,149,1027,75,0.1275510204081632
13,right,0.5,149,1027,75,0.1275510204081632
13,right,0.6,149,1027,75,0.1275510204081632
13,right,0.7,149,1027,75,0.1275510204081632
13,right,0.8,149,1027,75,0.1275510204081632
13,right,0.9,149,1027,75,0.1275510204081632
13,right,1.0,149,1027,75,0.1275510204081632
14,left,0.05,220,220,130,0.5909090909090909
14,left,0.1,440,440,250,0.5681818181818182
14,left,0.2,881,881,539,0.6118047673098751
14,left,0.3,1321,1321,811,0.6139288417865254
14,left,0.4,1762,1762,1116,0.6333711691259932
14,left,0.5,2202,2202,1469,0.6671207992733879
14,left,0.6,2212,2488,1596,0.6791489361702128
14,left,0.7,2212,2488,1596,0.6791489361702128
14,left,0.8,2212,2488,1596,0.6791489361702128
14,left,0.9,2212,2488,1596,0.6791489361702128
14,left,1.0,2212,2488,1596,0.6791489361702128
14,right,0.05,196,196,116,0.5918367346938775
14,right,0.1,393,393,233,0.5928753180661578
14,right,0.2,786,786,501,0.6374045801526718
14,right,0.3,1179,1179,801,0.6793893129770993
14,right,0.4,1572,1572,1127,0.7169211195928753
14,right,0.5,1964,1964,1508,0.7678207739307535
14,right,0.6,2065,2170,1648,0.7782762691853601
14,right,0.7,2065,2170,1648,0.7782762691853601
14,right,0.8,2065,2170,1648,0.7782762691853601
14,right,0.9,2065,2170,1648,0.7782762691853601
14,right,1.0,2065,2170,1648,0.7782762691853601
15,left,0.05,220,220,36,0.1636363636363636
15,left,0.1,440,440,130,0.2954545454545454
15,left,0.2,881,881,351,0.398410896708286
15,left,0.3,1321,1321,595,0.4504163512490537
15,left,0.4,1762,1762,912,0.5175936435868331
15,left,0.5,2202,2202,1332,0.6049046321525886
15,left,0.6,2642,2642,1821,0.6892505677517032
15,left,0.7,2751,2686,1919,0.705903991171602
15,left,0.8,2751,2686,1919,0.705903991171602
15,left,0.9,2751,2686,1919,0.705903991171602
15,left,1.0,2751,2686,1919,0.705903991171602
15,right,0.05,196,196,132,0.673469387755102
15,right,0.1,393,393,255,0.648854961832061
15,right,0.2,786,786,490,0.6234096692111959
15,right,0.3,1179,1179,759,0.6437659033078881
15,right,0.4,1572,1572,1051,0.6685750636132316
15,right,0.5,1964,1964,1416,0.7209775967413442
15,right,0.6,2357,2357,1818,0.7713194739075095
15,right,0.7,2750,2750,2274,0.8269090909090909
15,right,0.8,3143,3143,2747,0.8740057270124085
15,right,0.9,3379,3536,3183,0.9206073752711496
15,right,1.0,3379,3624,3241,0.9256033128659146
16,left,0.05,220,220,24,0.109090909090909
16,left,0.1,440,440,82,0.1863636363636363
16,left,0.2,881,881,225,0.2553916004540295
16,left,0.3,1015,1321,376,0.3219178082191781
16,left,0.4,1015,1590,438,0.3362763915547025
16,left,0.5,1015,1590,438,0.3362763915547025
16,left,0.6,1015,1590,438,0.3362763915547025
16,left,0.7,1015,1590,438,0.3362763915547025
16,left,0.8,1015,1590,438,0.3362763915547025
16,left,0.9,1015,1590,438,0.3362763915547025
16,left,1.0,1015,1590,438,0.3362763915547025
16,right,0.05,196,196,84,0.4285714285714285
16,right,0.1,393,393,181,0.460559796437659
16,right,0.2,786,786,398,0.5063613231552163
16,right,0.3,1179,1179,650,0.5513146734520781
16,right,0.4,1572,1572,957,0.6087786259541985
16,right,0.5,1661,1964,1164,0.6422068965517241
16,right,0.6,1661,1996,1175,0.6426032266885425
16,right,0.7,1661,1996,1175,0.6426032266885425
16,right,0.8,1661,1996,1175,0.6426032266885425
16,right,0.9,1661,1996,1175,0.6426032266885425
16,right,1.0,1661,1996,1175,0.6426032266885425
18,left,0.05,220,220,32,0.1454545454545454
18,left,0.1,440,440,90,0.2045454545454545
18,left,0.2,881,881,254,0.2883087400681044
18,left,0.3,1321,1321,471,0.3565480696442089
18,left,0.4,1762,1762,768,0.4358683314415437
18,left,0.5,2202,2202,1144,0.51952770208901
18,left,0.6,2642,2613,1603,0.6100856327307327
18,left,0.7,3083,2613,1834,0.6439606741573034
18,left,0.8,3523,2613,2064,0.6727509778357236
18,left,0.9,3945,2613,2294,0.6996035376639219
18,left,1.0,3945,2613,2294,0.6996035376639219
18,right,0.05,196,196,126,0.6428571428571429
18,right,0.1,393,393,218,0.55470737913486
18,right,0.2,786,786,402,0.5114503816793893
18,right,0.3,1179,1179,607,0.5148430873621713
18,right,0.4,1572,1572,842,0.5356234096692112
18,right,0.5,1964,1964,1161,0.5911405295315683
18,right,0.6,2357,2357,1519,0.6444633008061095
18,right,0.7,2750,2750,1993,0.7247272727272728
18,right,0.8,3143,2898,2357,0.78033438172488
18,right,0.9,3536,2898,2627,0.8165993161330433
18,right,1.0,3658,2898,2707,0.8258084197681513
19,left,0.05,220,220,173,0.7863636363636364
19,left,0.1,440,440,333,0.7568181818181818
19,left,0.2,881,881,598,0.6787741203178207
19,left,0.3,1321,1321,835,0.6320968962906889
19,left,0.4,1762,1416,1014,0.6381371932032724
19,left,0.5,2202,1416,1139,0.6296296296296297
19,left,0.6,2642,1416,1233,0.6076885165105963
19,left,0.7,2710,1416,1248,0.6049442559379544
19,left,0.8,2710,1416,1248,0.6049442559379544
19,left,0.9,2710,1416,1248,0.6049442559379544
19,left,1.0,2710,1416,1248,0.6049442559379544
19,right,0.05,196,196,134,0.6836734693877551
19,right,0.1,393,393,289,0.7353689567430025
19,right,0.2,786,786,629,0.8002544529262087
19,right,0.3,1179,1179,961,0.81509754028838
19,right,0.4,1572,1572,1308,0.8320610687022901
19,right,0.5,1964,1964,1658,0.8441955193482689
19,right,0.6,2357,2357,2040,0.8655070004242681
19,right,0.7,2750,2389,2247,0.8744892002335085
19,right,0.8,2816,2389,2268,0.8714697406340057
19,right,0.9,2816,2389,2268,0.8714697406340057
19,right,1.0,2816,2389,2268,0.8714697406340057
20,left,0.05,220,220,101,0.4590909090909091
20,left,0.1,440,440,168,0.3818181818181818
20,left,0.2,881,881,310,0.3518728717366629
20,left,0.3,1321,1321,528,0.3996971990915973
20,left,0.4,1762,1762,854,0.4846765039727582
20,left,0.5,2022,2202,1166,0.5520833333333334
20,left,0.6,2022,2642,1376,0.5900514579759862
20,left,0.7,2022,3083,1578,0.6182174338883447
20,left,0.8,2022,3289,1651,0.621728488043683
20,left,0.9,2022,3289,1651,0.621728488043683
20,left,1.0,2022,3289,1651,0.621728488043683
20,right,0.05,196,196,105,0.5357142857142857
20,right,0.1,393,393,174,0.4427480916030534
20,right,0.2,786,786,329,0.4185750636132315
20,right,0.3,1179,1179,503,0.4266327396098388
20,right,0.4,1572,1572,724,0.460559796437659
20,right,0.5,1964,1964,1022,0.5203665987780041
20,right,0.6,2220,2357,1327,0.5798558007428447
20,right,0.7,2220,2750,1542,0.620523138832998
20,right,0.8,2220,3143,1750,0.6526198023494313
20,right,0.9,2220,3501,1960,0.6851948959972033
20,right,1.0,2220,3501,1960,0.6851948959972033
21,left,0.05,220,220,79,0.359090909090909
21,left,0.1,440,440,113,0.2568181818181818
21,left,0.2,881,881,261,0.2962542565266742
21,left,0.3,944,1321,369,0.3258278145695364
21,left,0.4,944,1762,448,0.3311160384331116
21,left,0.5,944,2202,536,0.3407501589319771
21,left,0.6,944,2642,631,0.3519241494701617
21,left,0.7,944,3083,712,0.3536131114973926
21,left,0.8,944,3186,737,0.3569007263922518
21,left,0.9,944,3186,737,0.3569007263922518
21,left,1.0,944,3186,737,0.3569007263922518
21,right,0.05,196,196,73,0.3724489795918367
21,right,0.1,393,393,127,0.3231552162849873
21,right,0.2,786,786,243,0.3091603053435114
21,right,0.3,1179,1179,412,0.3494486853265479
21,right,0.4,1270,1572,564,0.3969035890218156
21,right,0.5,1270,1964,701,0.4335188620902906
21,right,0.6,1270,2357,816,0.4499586435070306
21,right,0.7,1270,2750,922,0.4587064676616915
21,right,0.8,1270,2908,969,0.4638583054092867
21,right,0.9,1270,2908,969,0.4638583054092867
21,right,1.0,1270,2908,969,0.4638583054092867
22,left,0.05,220,220,125,0.5681818181818182
22,left,0.1,440,440,254,0.5772727272727273
22,left,0.2,881,881,538,0.6106696935300795
22,left,0.3,1321,1321,839,0.6351249053747161
22,left,0.4,1762,1762,1202,0.6821793416572077
22,left,0.5,2202,2202,1586,0.7202543142597638
22,left,0.6,2642,2642,2035,0.7702498107494322
22,left,0.7,3054,3083,2482,0.8088642659279779
22,left,0.8,3054,3523,2720,0.827124828949369
22,left,0.9,3054,3641,2769,0.8271844660194175
22,left,1.0,3054,3641,2769,0.8271844660194175
22,right,0.05,196,196,107,0.5459183673469388
22,right,0.1,393,393,253,0.6437659033078881
22,right,0.2,786,786,594,0.7557251908396947
22,right,0.3,1179,1179,937,0.7947413061916879
22,right,0.4,1572,1572,1261,0.8021628498727735
22,right,0.5,1964,1964,1610,0.8197556008146639
22,right,0.6,2357,2357,1957,0.8302927450148494
22,right,0.7,2750,2750,2353,0.8556363636363636
22,right,0.8,3143,3143,2795,0.8892777601018136
22,right,0.9,3532,3536,3296,0.9326542161856254
22,right,1.0,3532,3767,3442,0.9431428962871626
23,left,0.05,220,220,109,0.4954545454545455
23,left,0.1,440,440,242,0.55
23,left,0.2,881,881,547,0.6208853575482406
23,left,0.3,1321,1321,895,0.6775170325510976
23,left,0.4,1762,1762,1254,0.7116912599318955
23,left,0.5,2202,2202,1657,0.7524977293369663
23,left,0.6,2642,2642,2072,0.7842543527630583
23,left,0.7,3083,3083,2524,0.8186831008757703
23,left,0.8,3523,3523,3030,0.8600624467783139
23,left,0.9,3938,3637,3357,0.8863366336633663
23,left,1.0,3938,3637,3357,0.8863366336633663
23,right,0.05,196,196,149,0.7602040816326531
23,right,0.1,393,393,268,0.6819338422391857
23,right,0.2,786,786,567,0.7213740458015268
23,right,0.3,1179,1179,897,0.7608142493638677
23,right,0.4,1572,1572,1243,0.7907124681933843
23,right,0.5,1964,1964,1589,0.8090631364562119
23,right,0.6,2357,2357,1978,0.8392023759015698
23,right,0.7,2750,2750,2413,0.8774545454545455
23,right,0.8,3143,3143,2855,0.90836780146357
23,right,0.9,3536,3516,3311,0.9390243902439024
23,right,1.0,3635,3516,3365,0.9411271150887988
